product_id,product_name,category,price
PROD69625,AliceBlue People,Software,495.44
PROD27366,LightCyan Morning,Subscription,442.25
PROD75120,Front-line intangible Graphical User Interface,Hardware,164.88
PROD29672,Total static hardware,Consumables,245.25
PROD16234,SandyBrown Company,Subscription,94.04
PROD79051,Profound heuristic data-warehouse,Software,490.05
PROD75699,Persistent empowering success,Hardware,110.74
PROD96960,Proactive didactic Internet solution,Consumables,370.83
PROD37386,Enter,Subscription,377.48
PROD68180,Adaptive bifurcated open architecture,Hardware,302.88
PROD30074,Switchable composite paradigm,Hardware,294.84
PROD11071,Enterprise-wide upward-trending service-desk,Subscription,31.61
PROD71919,LemonChiffon Without,Consumables,275.16
PROD96115,However,Consumables,139.49
PROD51043,Cross-platform 24/7 policy,Service,312.76
PROD52000,Similar,Subscription,146.35
PROD13624,Hear,Consumables,355.72
PROD90951,SteelBlue Back,Subscription,464.04
PROD77543,Extended full-range challenge,Software,351.79
PROD88761,Natural,Subscription,24.07
PROD45665,Republican,Service,201.08
PROD03605,Orange Seek,Consumables,143.57
PROD10285,Deep,Service,177.09
PROD78576,Turquoise Resource,Service,320.04
PROD40623,Adaptive analyzing approach,Service,454.53
PROD04870,Far,Software,255.2
PROD36382,Charge,Software,267.93
PROD83259,MintCream Cold,Subscription,320.27
PROD42122,User-centric upward-trending data-warehouse,Consumables,384.25
PROD38746,Balanced uniform budgetary management,Subscription,388.99
PROD42828,Turquoise Until,Software,182.78
PROD31997,Business-focused impactful standardization,Consumables,215.46
PROD80687,Yourself,Consumables,427.44
PROD79657,Cross-platform solution-oriented collaboration,Software,170.6
PROD26465,Peru Push,Software,312.11
PROD02524,Speech,Hardware,284.53
PROD37924,Lime Well,Subscription,166.74
PROD26372,DeepPink Take,Service,436.67
PROD73643,Yellow Specific,Software,222.85
PROD00307,Western,Service,139.1
PROD05444,Bisque Thus,Service,97.98
PROD99812,DarkSalmon Peace,Hardware,30.12
PROD76488,Simply,Software,496.27
PROD97608,Vision-oriented directional project,Consumables,147.87
PROD62680,Individual,Consumables,341.72
PROD90450,Street,Hardware,345.24
PROD02477,Cross-group empowering solution,Service,254.35
PROD74839,Down-sized well-modulated process improvement,Subscription,162.46
PROD26029,Set,Subscription,310.56
PROD27710,Persevering exuding task-force,Consumables,315.89
PROD32857,Reality,Software,104.15
PROD19037,Night,Consumables,162.55
PROD37003,Threat,Service,221.76
PROD04739,MidnightBlue Occur,Subscription,414.2
PROD84199,Vision-oriented composite leverage,Consumables,480.0
PROD97216,MistyRose Company,Hardware,232.27
PROD12434,Nearly,Hardware,178.99
PROD17736,Operative discrete strategy,Hardware,236.43
PROD15557,LightCoral Medical,Consumables,448.07
PROD68598,Cloned asynchronous methodology,Service,476.33
PROD63577,Front-line non-volatile implementation,Service,163.65
PROD62223,Pull,Hardware,414.09
PROD00331,BlueViolet Low,Service,267.9
PROD53400,SlateGray War,Service,240.26
PROD53083,Multi-layered grid-enabled interface,Consumables,470.05
PROD62479,Congress,Consumables,374.02
PROD60664,Ivory Along,Service,25.9
PROD27461,Claim,Subscription,118.56
PROD04687,Open-architected disintermediate concept,Subscription,443.77
PROD48421,Turquoise Prevent,Software,358.7
PROD87748,Profound dynamic collaboration,Subscription,461.01
PROD64855,Innovative system-worthy installation,Service,185.7
PROD13860,Networked intangible encryption,Consumables,213.15
PROD89547,Open-source motivating project,Hardware,132.93
PROD38361,Think,Consumables,117.35
PROD39123,Attack,Subscription,260.27
PROD34501,LavenderBlush Develop,Consumables,220.53
PROD47386,Total empowering infrastructure,Consumables,294.07
PROD34756,Up-sized global projection,Hardware,372.37
PROD59016,Secured foreground open architecture,Service,357.22
PROD58178,Tan Real,Subscription,48.5
PROD10144,Orange Reach,Hardware,385.41
PROD42165,Bisque Member,Software,432.51
PROD46056,Hospital,Hardware,408.03
PROD41143,Enhanced directional core,Subscription,110.98
PROD43627,Cornsilk Manage,Hardware,161.6
PROD02090,LightSalmon Police,Software,88.08
PROD07357,Multi-layered intangible secured line,Service,433.79
PROD27177,Intuitive interactive standardization,Consumables,49.62
PROD57029,Data,Service,346.5
PROD86736,Inverse holistic matrices,Hardware,483.63
PROD51660,Perhaps,Software,56.0
PROD50468,Popular,Service,322.4
PROD32693,For,Software,258.49
PROD19353,Man,Service,108.52
PROD67669,Why,Service,417.98
PROD33661,Public,Subscription,86.1
PROD71693,Cross-group interactive structure,Consumables,416.93
PROD60872,Persistent even-keeled moderator,Service,207.38
PROD54077,Reactive discrete open system,Consumables,84.36
PROD25037,DarkOliveGreen Must,Software,478.54
PROD58990,Certain,Service,145.5
PROD44527,Innovative multi-state hub,Service,429.99
PROD43599,Pink Energy,Service,473.87
PROD15329,PaleTurquoise Season,Software,409.16
PROD55271,Fuchsia Force,Subscription,409.05
PROD48980,Many,Consumables,460.09
PROD83379,Chance,Consumables,356.45
PROD86577,DarkBlue Like,Software,101.88
PROD56779,Gainsboro Sense,Service,380.74
PROD89521,Exclusive upward-trending system engine,Service,25.04
PROD17647,Universal zero tolerance approach,Service,272.1
PROD16082,DodgerBlue Measure,Consumables,358.86
PROD91009,BlanchedAlmond Heavy,Service,219.19
PROD42106,Hotel,Subscription,154.67
PROD59340,Olive Character,Hardware,59.31
PROD36388,Foot,Service,298.59
PROD43346,Four,Consumables,202.31
PROD09924,SkyBlue Heart,Service,330.36
PROD72675,MediumOrchid Ball,Hardware,220.09
PROD01209,Around,Service,216.99
PROD12450,Open,Consumables,286.14
PROD00021,Operative client-driven data-warehouse,Service,308.11
PROD70096,Available,Consumables,230.86
PROD53397,OliveDrab Even,Service,161.42
PROD28725,Customer,Subscription,281.69
PROD11593,Investment,Software,266.6
PROD19316,DarkSlateGray Around,Software,134.03
PROD30096,Thought,Consumables,380.29
PROD37515,Grow,Subscription,414.59
PROD56757,Lawyer,Software,382.56
PROD25444,Extended regional extranet,Service,27.77
PROD88598,Local,Subscription,448.18
PROD02695,DarkSlateGray Put,Subscription,235.96
PROD66001,Its,Consumables,88.93
PROD66887,Wish,Service,198.57
PROD21019,LightSkyBlue Center,Subscription,49.12
PROD12804,Focused motivating circuit,Service,37.68
PROD84401,MediumSpringGreen On,Consumables,393.3
PROD51029,Gray Meet,Service,485.36
PROD34057,Seat,Hardware,126.73
PROD20451,Maroon White,Consumables,93.18
PROD49338,Population,Service,102.78
PROD28423,White Attack,Subscription,375.1
PROD23143,Profit-focused 24hour middleware,Consumables,342.18
PROD59376,LightSalmon Military,Hardware,290.99
PROD78319,Last,Service,164.19
PROD42280,Quality-focused maximized capacity,Service,219.63
PROD40367,DarkViolet Course,Consumables,14.53
PROD55205,Open-source object-oriented emulation,Hardware,222.62
PROD14542,Gold Into,Subscription,156.61
PROD36875,When,Subscription,157.32
PROD17433,Right-sized value-added pricing structure,Consumables,364.01
PROD96450,DeepSkyBlue Film,Software,109.24
PROD99794,Seamless user-facing software,Consumables,63.95
PROD73195,DarkOrange Condition,Service,195.14
PROD92489,Trade,Hardware,319.97
PROD25625,Fully-configurable eco-centric product,Software,378.53
PROD40911,GhostWhite Instead,Consumables,85.96
PROD90799,FireBrick On,Consumables,119.23
PROD70993,Re-engineered motivating complexity,Consumables,127.92
PROD27933,Vision-oriented executive process improvement,Consumables,41.57
PROD63889,Popular,Hardware,138.03
PROD02409,To,Service,257.49
PROD43363,Customizable object-oriented infrastructure,Consumables,293.99
PROD93185,Chocolate Baby,Software,223.98
PROD01735,Add,Service,426.71
PROD93262,Devolved client-driven solution,Consumables,34.76
PROD89101,Innovative empowering implementation,Software,276.74
PROD57639,LightGreen International,Software,114.6
PROD02053,The,Service,239.85
PROD91722,Customer-focused even-keeled artificial intelligence,Hardware,162.68
PROD58762,Miss,Service,319.53
PROD82878,SpringGreen Think,Hardware,26.94
PROD09047,Configurable fault-tolerant initiative,Software,97.67
PROD53307,OldLace Past,Service,321.47
PROD69918,Secured attitude-oriented budgetary management,Hardware,47.22
PROD65503,Visionary scalable standardization,Hardware,376.25
PROD13040,Rock,Consumables,226.68
PROD61869,PaleTurquoise Medical,Software,196.07
PROD92946,LightPink Special,Subscription,276.73
PROD98289,Adaptive empowering knowledgebase,Software,181.08
PROD92875,Devolved empowering core,Subscription,140.38
PROD80009,AliceBlue Suggest,Software,237.39
PROD63160,Universal 24/7 matrix,Hardware,322.96
PROD84052,Receive,Hardware,331.96
PROD40473,Chartreuse Lay,Software,407.09
PROD57517,MediumTurquoise Event,Hardware,97.11
PROD81990,LightGoldenRodYellow Far,Consumables,98.69
PROD59314,Customizable 24hour leverage,Hardware,278.3
PROD91619,Virtual heuristic portal,Service,382.03
PROD79176,By,Subscription,444.83
PROD22973,SaddleBrown Throw,Service,380.28
PROD23195,GhostWhite Rise,Subscription,480.54
PROD09998,Reverse-engineered client-server budgetary management,Subscription,324.76
PROD25517,De-engineered cohesive model,Hardware,371.31
PROD19568,Enterprise-wide system-worthy focus group,Software,282.75
PROD85030,Administration,Subscription,379.43
PROD95415,Virtual multimedia forecast,Software,67.78
PROD94100,Organic grid-enabled orchestration,Service,151.58
PROD52101,Intuitive non-volatile parallelism,Hardware,428.51
PROD07358,RosyBrown Push,Consumables,145.75
PROD36422,Profound national website,Service,303.45
PROD30137,Realigned needs-based projection,Service,427.09
PROD21551,OrangeRed Identify,Consumables,301.16
PROD63876,Tomato Yeah,Hardware,316.32
PROD35710,Inverse 4thgeneration secured line,Subscription,307.77
PROD44194,Integrated interactive encryption,Hardware,474.1
PROD27445,Quality-focused analyzing neural-net,Subscription,164.4
PROD85223,Polarized optimizing archive,Consumables,86.8
PROD26097,Stand-alone optimizing contingency,Subscription,127.76
PROD16806,Progressive background archive,Consumables,102.22
PROD88828,Congress,Consumables,51.2
PROD84743,Tan Apply,Service,249.83
PROD80790,Synergized uniform core,Hardware,234.82
PROD63793,Managed 6thgeneration database,Software,473.45
PROD60967,Visionary homogeneous initiative,Service,20.41
PROD28585,Growth,Hardware,264.26
PROD21693,DarkBlue Food,Software,323.17
PROD08988,PaleGreen Wait,Consumables,333.52
PROD44079,DarkSlateGray Case,Service,298.21
PROD34227,Hit,Consumables,25.7
PROD84574,Work,Service,471.04
PROD34185,Mind,Consumables,422.1
PROD81456,MidnightBlue Compare,Software,259.36
PROD29564,Orange Maintain,Hardware,269.62
PROD73978,Wide,Software,237.95
PROD07282,MediumTurquoise Other,Consumables,167.22
PROD44417,Down-sized zero tolerance matrix,Hardware,135.08
PROD23072,Monitored zero-defect capability,Hardware,191.1
PROD17904,Question,Consumables,227.82
PROD45517,FireBrick Others,Subscription,334.24
PROD73422,Chocolate Star,Consumables,358.48
PROD85837,Tan Almost,Service,460.65
PROD68483,Decentralized executive website,Subscription,228.22
PROD58879,MediumPurple Stage,Service,129.26
PROD99839,Peru Process,Subscription,350.97
PROD65764,Three,Software,283.54
PROD70649,LawnGreen Speech,Hardware,19.81
PROD91370,Realize,Hardware,108.48
PROD43434,Break,Software,224.53
PROD85761,Streamlined systematic concept,Subscription,114.37
PROD08716,While,Consumables,289.04
PROD96251,CornflowerBlue Soon,Service,209.53
PROD18841,User-centric homogeneous moderator,Hardware,162.89
PROD39205,Object-based fresh-thinking Graphic Interface,Service,143.63
PROD14834,FloralWhite Able,Hardware,87.21
PROD64061,GreenYellow Management,Subscription,399.81
PROD08302,BlueViolet Consumer,Service,315.68
PROD28170,Fuchsia Medical,Service,221.66
PROD49202,DarkCyan Article,Software,97.59
PROD66645,Billion,Software,174.12
PROD95405,Newspaper,Hardware,189.19
PROD29032,Their,Service,119.55
PROD87952,Object-based heuristic protocol,Software,417.76
PROD43007,LightBlue Push,Service,189.04
PROD09190,Enhanced mobile Internet solution,Subscription,270.49
PROD21195,ForestGreen Out,Service,277.62
PROD69331,Adaptive neutral frame,Service,130.79
PROD03160,Group,Consumables,246.46
PROD84905,Assimilated multi-state support,Subscription,439.97
PROD52818,De-engineered zero administration budgetary management,Subscription,384.96
PROD83666,Grass-roots zero administration conglomeration,Software,217.32
PROD19402,Organic multi-state archive,Software,47.7
PROD98431,Do,Subscription,72.48
PROD97060,Not,Consumables,62.53
PROD61705,Optimized neutral capacity,Consumables,31.34
PROD69247,Team-oriented tangible groupware,Hardware,281.36
PROD88549,Real,Hardware,14.06
PROD50586,Course,Consumables,171.55
PROD01027,Level,Hardware,176.56
PROD57683,OldLace Attorney,Consumables,118.46
PROD76850,Nor,Software,481.1
PROD90754,Audience,Hardware,480.79
PROD19244,Exclusive systemic project,Software,390.13
PROD51675,Chair,Software,204.3
PROD08255,Re-engineered stable capability,Subscription,296.55
PROD58381,Yeah,Subscription,119.81
PROD73937,Source,Service,381.92
PROD38962,Business-focused empowering moderator,Consumables,490.19
PROD30256,Persistent hybrid productivity,Hardware,152.44
PROD33517,PaleTurquoise Particular,Software,439.98
PROD71124,Describe,Consumables,496.68
PROD93010,Several,Consumables,338.06
PROD38743,Balanced regional artificial intelligence,Hardware,68.1
PROD68228,Lose,Subscription,263.86
PROD28216,Salmon Shake,Consumables,269.9
PROD55506,Team-oriented discrete data-warehouse,Software,196.64
PROD16589,Operative human-resource groupware,Software,347.29
PROD25013,User-centric methodical adapter,Software,70.16
PROD66733,Multi-layered dedicated frame,Hardware,419.16
PROD19981,Chocolate Chair,Service,18.7
PROD46012,Sometimes,Service,75.42
PROD65223,Small,Subscription,146.01
PROD66029,LightYellow Way,Consumables,353.11
PROD46445,Environmental,Service,445.33
PROD69246,Audience,Hardware,359.09
PROD08255,Others,Consumables,373.42
PROD10054,Switchable well-modulated model,Subscription,395.07
PROD61991,Persevering dedicated neural-net,Software,113.75
PROD91237,User-friendly exuding secured line,Software,231.0
PROD42431,Arrive,Consumables,332.6
PROD53092,Front-line reciprocal alliance,Hardware,221.67
PROD23553,OliveDrab Deal,Consumables,249.7
PROD81777,Operative 4thgeneration utilization,Consumables,236.44
PROD72673,Universal clear-thinking forecast,Service,37.43
PROD59861,Configurable mission-critical artificial intelligence,Hardware,128.26
PROD19348,LavenderBlush Smile,Service,335.93
PROD52744,LawnGreen Morning,Consumables,398.62
PROD95724,Phone,Consumables,437.82
PROD37737,Consumer,Hardware,355.09
PROD15719,Exclusive even-keeled website,Hardware,481.0
PROD02244,Synchronized mission-critical help-desk,Consumables,340.6
PROD95837,Linen Pull,Service,472.39
PROD65756,Director,Consumables,19.96
PROD71702,DarkTurquoise Rock,Service,410.33
PROD53333,Implemented hybrid knowledge user,Consumables,62.76
PROD77530,Ivory Seat,Hardware,394.41
PROD60763,Silver Beat,Software,247.04
PROD26466,SkyBlue Detail,Service,349.21
PROD47125,Test,Subscription,475.43
PROD11470,Olive Forward,Subscription,116.4
PROD29394,Magenta Dream,Service,229.27
PROD42971,Vision-oriented context-sensitive alliance,Service,270.7
PROD32026,Cross-platform systematic budgetary management,Subscription,303.64
PROD09086,CornflowerBlue Onto,Service,24.62
PROD06508,Up-sized well-modulated time-frame,Service,202.59
PROD64647,Chocolate Skill,Hardware,54.15
PROD71734,PaleGoldenRod Student,Hardware,406.74
PROD23198,AliceBlue Course,Software,192.14
PROD83473,End,Hardware,166.89
PROD45004,Pink Political,Consumables,347.4
PROD24394,RoyalBlue Situation,Hardware,482.92
PROD13267,Although,Software,331.57
PROD15194,Public-key transitional moderator,Subscription,352.04
PROD28036,Cross-group regional leverage,Service,202.69
PROD20621,Class,Hardware,398.35
PROD30244,Indigo He,Hardware,482.88
PROD88507,Re-engineered analyzing archive,Software,384.92
PROD86466,Back,Subscription,306.13
PROD94618,Enterprise-wide fresh-thinking encryption,Consumables,294.57
PROD34632,LightSlateGray Keep,Hardware,296.54
PROD49693,MidnightBlue Thing,Subscription,465.92
PROD25990,LightBlue Room,Software,72.37
PROD26193,MediumSlateBlue Ever,Subscription,105.57
PROD41278,Multi-channeled fresh-thinking time-frame,Service,47.11
PROD46795,Author,Subscription,353.19
PROD05774,LightYellow Tend,Subscription,493.97
PROD36163,Evidence,Subscription,348.49
PROD56881,Gainsboro Personal,Software,84.17
PROD58197,Automated hybrid protocol,Consumables,475.76
PROD85438,Total bi-directional application,Consumables,403.39
PROD63946,Silver Join,Service,254.43
PROD23068,Begin,Hardware,60.33
PROD91536,LightGray Trouble,Consumables,277.7
PROD44393,Technology,Subscription,376.12
PROD56300,DarkSalmon Vote,Service,282.47
PROD44924,Azure Student,Consumables,113.95
PROD87938,LightSteelBlue Off,Subscription,154.88
PROD22342,Orchid Us,Software,210.13
PROD14817,Moccasin Perhaps,Software,220.9
PROD56002,Grass-roots regional productivity,Service,111.3
PROD29091,Face-to-face mobile capacity,Hardware,14.25
PROD21468,Azure Leave,Software,286.2
PROD52942,Reactive holistic hierarchy,Consumables,195.05
PROD57315,Reverse-engineered 6thgeneration moratorium,Service,378.17
PROD92424,MediumSpringGreen Official,Consumables,268.31
PROD42763,DodgerBlue However,Service,437.33
PROD11659,Mandatory secondary throughput,Consumables,479.47
PROD90483,De-engineered non-volatile methodology,Service,244.66
PROD42411,DarkGoldenRod Oil,Service,144.34
PROD43879,Certain,Consumables,464.61
PROD84356,Them,Software,72.15
PROD80793,Class,Subscription,166.65
PROD74352,Right-sized radical installation,Hardware,367.38
PROD52921,SkyBlue Short,Service,372.3
PROD11628,Record,Service,389.64
PROD32817,FireBrick Choose,Subscription,473.0
PROD98603,Machine,Hardware,256.85
PROD59557,Managed heuristic parallelism,Consumables,320.12
PROD65779,Integrated content-based firmware,Service,427.45
PROD25426,SlateGray Drop,Service,365.12
PROD84569,DarkGray Relate,Subscription,407.1
PROD97762,Virtual coherent workforce,Service,334.26
PROD76169,BlanchedAlmond Task,Hardware,23.33
PROD04219,Focused systematic migration,Service,184.29
PROD53306,GoldenRod Grow,Subscription,48.42
PROD41435,LightBlue Finally,Service,473.35
PROD18308,WhiteSmoke Order,Hardware,235.57
PROD96347,All,Hardware,348.43
PROD37361,SkyBlue Case,Consumables,116.29
PROD90460,Total,Hardware,400.78
PROD44175,Fundamental dynamic orchestration,Software,200.18
PROD57818,Lavender Speak,Software,469.07
PROD48512,White Say,Subscription,291.02
PROD04408,Teal Sound,Hardware,104.19
PROD85505,Wheat Generation,Software,461.45
PROD94951,Monitored real-time customer loyalty,Consumables,89.32
PROD33494,Reactive mission-critical collaboration,Subscription,497.88
PROD54297,Optional optimal matrices,Hardware,59.24
PROD37684,SpringGreen Under,Hardware,74.11
PROD21685,DarkOrchid Bed,Consumables,371.32
PROD06985,Name,Service,113.5
PROD57760,Computer,Hardware,84.93
PROD02377,Function-based regional knowledge user,Hardware,294.13
PROD40646,Service,Subscription,52.14
PROD69060,Adaptive context-sensitive standardization,Subscription,225.82
PROD00833,Aquamarine Performance,Software,281.33
PROD14486,System,Service,464.16
PROD37636,MintCream Choose,Consumables,351.05
PROD99262,Cup,Service,207.69
PROD11379,Recognize,Consumables,247.41
PROD72072,SlateGray Themselves,Subscription,337.26
PROD26767,Multi-tiered foreground workforce,Consumables,354.15
PROD00035,OldLace Including,Subscription,278.9
PROD78785,Purple Although,Software,214.39
PROD81051,Exclusive bifurcated migration,Consumables,34.96
PROD54089,Bisque Cold,Service,484.62
PROD99918,Remember,Consumables,430.39
PROD26653,Believe,Subscription,196.7
PROD24932,Husband,Software,434.38
PROD41453,Decide,Consumables,395.45
PROD34753,Optional multi-state Graphical User Interface,Consumables,188.29
PROD05571,Though,Hardware,329.49
PROD77048,Win,Hardware,197.5
PROD29204,Create,Subscription,425.6
PROD73423,RosyBrown Article,Software,255.11
PROD57729,Managed dedicated moratorium,Consumables,52.29
PROD71274,Late,Consumables,134.6
PROD44015,Black,Consumables,227.68
PROD33188,OrangeRed Page,Service,214.28
PROD26327,Profit-focused upward-trending complexity,Software,11.67
PROD41323,Triple-buffered executive process improvement,Consumables,198.84
PROD18410,FloralWhite Heavy,Hardware,135.36
PROD83006,User-centric exuding instruction set,Subscription,465.57
PROD78339,DarkGray Up,Consumables,322.92
PROD96510,Perhaps,Software,240.7
PROD32066,Economy,Hardware,249.47
PROD72412,Fire,Software,440.42
PROD49428,Multi-channeled dynamic structure,Consumables,456.65
PROD85875,Reactive interactive software,Service,323.68
PROD75152,LightGreen Teacher,Hardware,105.0
PROD24649,DarkTurquoise Season,Service,377.63
PROD42890,Snow Mean,Service,171.86
PROD68621,Assume,Hardware,47.06
PROD97214,Reality,Subscription,177.36
PROD02621,Teal Whole,Hardware,166.26
PROD51450,Foreign,Consumables,217.45
PROD01558,CadetBlue Sister,Subscription,458.08
PROD90376,Debate,Consumables,286.05
PROD93288,WhiteSmoke Buy,Hardware,403.7
PROD67041,Chartreuse Message,Hardware,196.23
PROD20196,Important,Service,162.36
PROD56193,Fuchsia Focus,Software,393.09
PROD88907,Discuss,Service,175.3
PROD10208,Chocolate Yourself,Service,446.1
PROD90165,Contain,Consumables,286.52
PROD43843,Universal homogeneous utilization,Consumables,34.31
PROD25758,Feel,Hardware,65.72
PROD42906,Self-enabling discrete forecast,Subscription,50.55
PROD75108,Attorney,Hardware,22.82
PROD37617,Organic impactful Local Area Network,Software,13.56
PROD99453,LimeGreen Federal,Consumables,229.95
PROD78601,Despite,Subscription,271.15
PROD91721,Pre-emptive systematic hub,Software,338.6
PROD93026,Ivory Response,Subscription,131.92
PROD48265,Object-based composite contingency,Subscription,395.83
PROD64046,WhiteSmoke Serious,Subscription,95.11
PROD72455,Upgradable actuating time-frame,Subscription,422.71
PROD96629,MediumBlue Cup,Service,129.56
PROD30779,LawnGreen Gas,Software,294.72
PROD17087,Enterprise-wide zero administration access,Consumables,495.77
PROD01283,User-centric systemic collaboration,Subscription,294.54
PROD00308,DarkKhaki Environmental,Software,107.95
PROD30911,Right-sized human-resource time-frame,Consumables,36.73
PROD29713,Manager,Service,123.24
PROD00511,Ok,Service,242.93
PROD17247,Stuff,Hardware,173.88
PROD66355,Gray Move,Subscription,15.69
PROD44861,Distributed non-volatile flexibility,Subscription,498.89
PROD50721,Water,Hardware,127.51
PROD11957,Devolved encompassing parallelism,Hardware,497.18
PROD33415,War,Service,189.5
PROD42653,Hit,Software,254.2
PROD17866,Optimized exuding access,Subscription,350.11
PROD19349,BlueViolet Business,Consumables,354.54
PROD57478,See,Hardware,243.9
PROD39027,Operation,Consumables,87.03
PROD33342,Pink Test,Service,468.26
PROD07882,DarkCyan Food,Hardware,446.76
PROD64393,Last,Service,275.95
PROD70286,South,Service,467.24
PROD80016,Picture,Software,65.54
PROD45865,FireBrick Half,Software,53.05
PROD02353,Team-oriented multimedia framework,Hardware,137.17
PROD00767,Optimized content-based contingency,Software,152.48
PROD77785,Computer,Hardware,427.38
PROD18271,Aqua Example,Hardware,356.61
PROD82932,Re-contextualized secondary parallelism,Software,471.89
PROD27128,DarkSalmon Onto,Subscription,218.46
PROD10092,Tree,Consumables,119.91
PROD80762,PeachPuff Stage,Subscription,217.06
PROD18443,My,Service,58.29
PROD72700,Customizable intangible model,Subscription,326.33
PROD16299,Born,Subscription,466.36
PROD67767,Walk,Consumables,473.77
PROD56655,Cyan Board,Service,377.21
PROD70572,Since,Subscription,144.4
PROD69648,Industry,Software,126.68
PROD36662,Indigo President,Hardware,244.13
PROD65383,Two,Service,47.49
PROD73205,Managed heuristic interface,Hardware,19.09
PROD56562,Certain,Subscription,371.5
PROD10763,MediumSeaGreen Rather,Consumables,181.55
PROD10273,SeaGreen Message,Software,34.32
PROD76610,LightPink Offer,Consumables,56.48
PROD32879,Tomato Room,Service,416.31
PROD14680,Purple Sing,Hardware,498.48
PROD37019,Language,Consumables,235.57
PROD31578,Unit,Hardware,128.29
PROD13438,Gainsboro Her,Consumables,418.28
PROD89811,Ergonomic national infrastructure,Subscription,352.66
PROD02164,Next,Service,108.76
PROD24291,Focused actuating process improvement,Hardware,363.99
PROD61424,Consumer,Consumables,191.11
PROD46610,DarkSeaGreen Enough,Consumables,171.35
PROD19728,DarkGreen Relationship,Hardware,405.3
PROD85386,Virtual modular data-warehouse,Consumables,252.24
PROD22744,Team-oriented coherent extranet,Software,232.38
PROD56469,Rule,Hardware,295.67
PROD21662,Clear,Hardware,34.86
PROD41961,Future-proofed object-oriented array,Consumables,208.45
PROD25727,Street,Software,93.56
PROD81210,Realigned attitude-oriented emulation,Consumables,394.82
PROD78849,LightSeaGreen Team,Software,292.01
PROD58205,Cloned local extranet,Service,285.31
PROD92619,Carry,Consumables,217.88
PROD13009,DarkMagenta Ability,Hardware,112.48
PROD36045,De-engineered asymmetric system engine,Consumables,360.04
PROD57204,Synchronized dedicated flexibility,Service,492.46
PROD88507,Cloned empowering conglomeration,Subscription,39.99
PROD53333,Object-based dynamic conglomeration,Hardware,429.6
PROD09939,Sienna Full,Software,73.78
PROD95115,MediumSpringGreen Voice,Software,282.15
PROD57538,Prepare,Consumables,367.29
PROD24979,PowderBlue Eight,Subscription,248.3
PROD20371,Cold,Hardware,116.02
PROD40464,LightGoldenRodYellow Professor,Service,446.18
PROD29059,DarkCyan Treatment,Hardware,221.07
PROD99532,HoneyDew Whose,Software,130.0
PROD78204,Peru Tonight,Service,47.82
PROD09462,Persistent high-level definition,Consumables,57.79
PROD58829,DarkTurquoise White,Service,73.5
PROD10129,Focused value-added groupware,Service,72.22
PROD59237,Team-oriented optimizing approach,Service,39.7
PROD98563,Memory,Service,198.45
PROD61041,Blue Crime,Consumables,366.85
PROD35668,Cloned empowering matrices,Subscription,350.71
PROD09068,Intuitive 5thgeneration artificial intelligence,Subscription,274.41
PROD24949,GreenYellow Suddenly,Hardware,362.45
PROD84219,Switchable local task-force,Subscription,37.21
PROD99996,Future-proofed full-range secured line,Subscription,247.33
PROD07076,Ergonomic background knowledge user,Consumables,304.69
PROD60908,OliveDrab Memory,Hardware,48.43
PROD36060,To,Subscription,423.02
PROD93500,Laugh,Hardware,445.84
PROD07236,Up-sized web-enabled utilization,Software,268.93
PROD29833,Nation,Consumables,148.21
PROD51243,Inverse zero-defect definition,Software,39.65
PROD56670,OldLace Ten,Hardware,64.93
PROD73160,AntiqueWhite Exist,Consumables,67.58
PROD30230,Apply,Subscription,390.18
PROD04294,PowderBlue Through,Software,334.04
PROD88109,World,Software,390.68
PROD71441,Open-architected eco-centric analyzer,Hardware,482.07
PROD42234,Diverse maximized moderator,Consumables,382.93
PROD67239,GreenYellow Deal,Consumables,121.69
PROD80072,Ergonomic zero administration task-force,Subscription,320.03
PROD96247,BurlyWood Main,Consumables,86.99
PROD47908,Networked leadingedge intranet,Consumables,485.99
PROD90063,DarkGoldenRod Charge,Service,134.98
PROD29562,MediumSeaGreen Claim,Consumables,423.07
PROD40974,IndianRed Perform,Service,322.91
PROD42594,Often,Subscription,167.6
PROD83584,Triple-buffered bifurcated database,Consumables,72.13
PROD53444,Focused executive approach,Consumables,379.24
PROD01133,Switchable systematic artificial intelligence,Consumables,71.83
PROD66145,Receive,Subscription,270.16
PROD48316,Snow Threat,Software,223.67
PROD77684,Scene,Subscription,334.17
PROD74481,When,Service,184.16
PROD84913,Black Himself,Hardware,18.95
PROD39226,Green Health,Consumables,349.07
PROD38136,Multi-channeled next generation encoding,Subscription,136.58
PROD95377,Bisque Whom,Service,241.97
PROD28690,Re-contextualized intermediate core,Consumables,22.93
PROD89761,White Several,Consumables,240.37
PROD66133,Crimson Wind,Service,441.56
PROD07529,Interview,Service,370.34
PROD80446,Discover,Software,396.1
PROD74821,PaleGoldenRod Beyond,Subscription,481.58
PROD13048,Rock,Software,221.85
PROD48451,Decentralized real-time contingency,Subscription,62.02
PROD50116,DimGray Edge,Service,173.5
PROD83103,Family,Consumables,180.85
PROD40610,MediumOrchid School,Consumables,32.58
PROD02837,Call,Service,79.3
PROD21957,Multi-lateral executive open architecture,Hardware,315.52
PROD50353,DarkCyan Prevent,Hardware,310.45
PROD61842,Wide,Hardware,43.4
PROD55992,Face-to-face multi-state interface,Hardware,299.16
PROD96012,DarkKhaki Wife,Subscription,490.87
PROD63445,Share,Subscription,116.25
PROD85248,DarkViolet Sit,Subscription,375.47
PROD85227,Military,Consumables,160.18
PROD63709,Coach,Service,438.36
PROD76042,Feel,Subscription,206.51
PROD08314,GreenYellow Purpose,Subscription,81.39
PROD67243,BurlyWood Along,Service,362.16
PROD52565,Automated impactful conglomeration,Hardware,431.7
PROD88945,Face-to-face real-time application,Consumables,135.98
PROD36003,Add,Consumables,302.44
PROD93171,Customizable even-keeled Local Area Network,Hardware,248.18
PROD60000,Degree,Hardware,235.49
PROD51727,Fill,Software,233.63
PROD44923,Team-oriented heuristic data-warehouse,Hardware,165.75
PROD53960,Prevent,Consumables,362.45
PROD33890,Bank,Hardware,243.8
PROD77962,Clearly,Service,55.22
PROD39890,Book,Service,355.77
PROD22846,Sense,Hardware,50.88
PROD08211,DarkSeaGreen Learn,Software,312.12
PROD91780,Down,Software,213.8
PROD53859,During,Subscription,93.82
PROD89237,Inverse non-volatile info-mediaries,Hardware,416.05
PROD05890,Optional demand-driven hub,Hardware,176.09
PROD87975,De-engineered tangible secured line,Service,309.51
PROD09461,Blue Memory,Service,432.58
PROD96482,Brown Within,Subscription,422.91
PROD33381,Visionary non-volatile system engine,Subscription,206.35
PROD73866,Integrated heuristic strategy,Service,380.87
PROD32154,Self-enabling foreground flexibility,Hardware,63.59
PROD35733,Plum Finish,Hardware,20.32
PROD56834,LawnGreen Cover,Service,93.5
PROD73982,White Walk,Subscription,151.95
PROD92192,World,Service,376.87
PROD70568,Treat,Hardware,170.92
PROD26698,Digitized methodical analyzer,Consumables,259.83
PROD94224,DarkOliveGreen Difference,Hardware,335.99
PROD28943,DeepSkyBlue What,Hardware,48.51
PROD05923,Monitored multimedia application,Software,85.54
PROD56441,Suffer,Hardware,163.32
PROD87304,Spend,Service,49.36
PROD39750,Ameliorated well-modulated capacity,Consumables,457.17
PROD25934,PaleTurquoise Nation,Service,316.31
PROD40410,Blue Share,Software,88.07
PROD52512,Aqua Establish,Software,300.02
PROD11976,White Why,Service,118.8
PROD94970,Teal Law,Hardware,342.16
PROD17352,Reduced intangible leverage,Service,347.16
PROD58950,LightPink Project,Subscription,389.36
PROD77020,Rise,Consumables,431.25
PROD03800,Business-focused maximized protocol,Software,438.75
PROD77320,Virtual contextually-based moratorium,Consumables,464.27
PROD38114,User-centric directional open system,Service,379.11
PROD71589,White Situation,Software,431.23
PROD39139,Virtual static orchestration,Software,261.58
PROD98618,Persevering fault-tolerant knowledge user,Consumables,32.54
PROD99326,MediumSlateBlue Tell,Service,402.37
PROD88984,Away,Consumables,410.44
PROD96210,Sell,Service,323.46
PROD35599,Thousand,Consumables,427.31
PROD20042,Innovative client-driven hierarchy,Service,419.91
PROD05694,Must,Consumables,198.07
PROD86460,Monitored grid-enabled adapter,Consumables,239.06
PROD96978,Mrs,Hardware,138.77
PROD16514,Switchable 3rdgeneration support,Software,190.48
PROD09097,Base,Consumables,448.56
PROD93422,FloralWhite Language,Hardware,258.89
PROD51335,Silver Owner,Hardware,169.5
PROD43206,RosyBrown Doctor,Subscription,186.76
PROD88132,Above,Service,55.02
PROD54770,Pre-emptive next generation budgetary management,Consumables,69.82
PROD71525,Reactive bi-directional encryption,Subscription,376.84
PROD10784,Beige Act,Subscription,463.26
PROD73359,Defense,Software,115.97
PROD47175,Fuchsia Debate,Software,139.96
PROD58251,Decentralized impactful hierarchy,Software,97.3
PROD63044,Cause,Software,225.08
PROD38146,Diverse scalable process improvement,Software,311.67
PROD65858,Vision-oriented fault-tolerant access,Software,293.52
PROD42461,Linen Here,Subscription,160.05
PROD65734,Commercial,Consumables,190.4
PROD59932,RosyBrown Box,Hardware,465.25
PROD56587,Not,Hardware,488.11
PROD10182,Easy,Consumables,348.84
PROD62637,Decentralized cohesive attitude,Software,23.28
PROD42037,Yellow Realize,Service,459.28
PROD43041,Policy,Service,371.73
PROD37692,Chocolate Three,Software,24.18
PROD94587,President,Hardware,108.61
PROD50695,Intuitive zero administration implementation,Hardware,237.43
PROD64063,Attack,Consumables,11.56
PROD68698,Compatible bifurcated capability,Software,235.59
PROD56855,Natural,Service,16.75
PROD85909,Cross-group scalable attitude,Subscription,298.12
PROD71163,MediumTurquoise Member,Service,465.16
PROD50416,Most,Consumables,336.25
PROD79420,Teach,Subscription,270.27
PROD50588,Monitored grid-enabled open architecture,Consumables,136.13
PROD95089,OliveDrab Measure,Subscription,130.87
PROD47594,Ivory Floor,Service,320.86
PROD00096,Future-proofed modular knowledgebase,Service,354.58
PROD23684,DarkBlue Painting,Hardware,158.81
PROD57074,Less,Subscription,461.95
PROD78417,MediumOrchid Decision,Hardware,268.48
PROD28394,SpringGreen Tv,Service,58.23
PROD20891,Extended asynchronous extranet,Service,337.64
PROD92527,Particular,Hardware,106.23
PROD45470,FloralWhite West,Service,433.37
PROD41589,Switchable maximized productivity,Service,265.22
PROD20142,Synchronized holistic analyzer,Consumables,78.07
PROD64683,Goal,Subscription,164.89
PROD63254,Decentralized empowering capability,Software,95.52
PROD50417,Inverse 4thgeneration attitude,Hardware,311.79
PROD40371,LightBlue Away,Software,90.18
PROD56596,Training,Consumables,418.81
PROD51384,PaleGoldenRod Example,Software,372.42
PROD58903,Organized national Graphic Interface,Consumables,253.65
PROD09260,Exclusive reciprocal Local Area Network,Consumables,417.89
PROD11236,Training,Hardware,35.62
PROD14886,Our,Service,296.88
PROD06090,Every,Service,302.67
PROD38533,Balanced motivating success,Software,468.39
PROD00888,Teacher,Service,330.72
PROD78618,MediumSeaGreen Boy,Software,164.25
PROD36594,Week,Software,37.68
PROD14389,Sienna Dream,Hardware,444.45
PROD70567,Above,Service,433.62
PROD06263,Human,Software,209.5
PROD14472,LightSkyBlue Religious,Service,326.72
PROD39690,Configurable maximized focus group,Subscription,486.85
PROD44809,Democratic,Subscription,86.91
PROD78189,LightGreen Buy,Service,273.37
PROD35943,Turquoise Under,Subscription,101.77
PROD76817,LightPink Old,Software,371.5
PROD70839,Sienna Public,Software,123.19
PROD69647,Multi-tiered foreground benchmark,Subscription,325.25
PROD27953,DarkSlateGray Him,Service,233.71
PROD99678,Charge,Service,154.52
PROD91677,MediumPurple Live,Consumables,245.61
PROD27174,Purple Lot,Hardware,449.97
PROD05429,SaddleBrown Sort,Consumables,258.85
PROD50611,Nor,Consumables,217.6
PROD36909,Include,Consumables,149.25
PROD03355,Ameliorated radical core,Consumables,385.84
PROD72633,Particular,Software,328.82
PROD29274,Scientist,Hardware,261.92
PROD46075,Aquamarine Week,Software,327.75
PROD34762,Devolved client-driven architecture,Service,313.49
PROD26811,PaleVioletRed Thus,Hardware,59.37
PROD13195,Vision-oriented zero tolerance function,Service,135.45
PROD95249,Language,Subscription,248.92
PROD84697,MediumSlateBlue Outside,Software,207.07
PROD32412,Black Me,Software,438.03
PROD13194,DarkOrchid Road,Service,35.76
PROD05976,Synergized heuristic firmware,Consumables,306.09
PROD46191,HoneyDew Sister,Software,314.64
PROD38832,Even,Consumables,434.52
PROD52539,DarkOrchid Tax,Software,85.27
PROD31618,Front-line reciprocal infrastructure,Consumables,61.28
PROD73428,DarkSalmon Authority,Service,417.28
PROD93329,Learn,Service,488.25
PROD57066,Versatile even-keeled archive,Service,171.44
PROD86404,Phased dedicated migration,Software,318.92
PROD10004,Advanced fresh-thinking Internet solution,Consumables,160.77
PROD73859,Down-sized bottom-line knowledgebase,Hardware,37.64
PROD36928,Cultural,Service,438.55
PROD16098,Realigned directional superstructure,Software,493.28
PROD15696,SkyBlue How,Service,436.79
PROD28313,GoldenRod Teach,Service,341.4
PROD30736,Left,Software,274.14
PROD80367,Synchronized motivating framework,Subscription,431.95
PROD26875,DarkOrchid Home,Subscription,194.05
PROD36976,Risk,Software,320.17
PROD50598,De-engineered composite secured line,Hardware,228.91
PROD84964,Re-contextualized high-level focus group,Service,12.71
PROD06810,Remember,Software,397.25
PROD05494,DarkMagenta Forget,Subscription,61.65
PROD83496,Face-to-face multi-state secured line,Service,366.82
PROD79702,Inverse motivating parallelism,Hardware,497.45
PROD01633,User-centric contextually-based knowledge user,Service,236.1
PROD88837,Stay,Consumables,365.31
PROD64373,Total incremental instruction set,Consumables,264.63
PROD07720,Optional solution-oriented support,Service,446.69
PROD71340,Total multi-tasking conglomeration,Service,420.55
PROD93882,Itself,Subscription,167.77
PROD15970,Team-oriented attitude-oriented help-desk,Software,82.98
PROD05618,Cross-platform leadingedge intranet,Hardware,64.66
PROD41628,Optional human-resource concept,Consumables,38.26
PROD01486,Olive Assume,Consumables,239.95
PROD42594,Other,Consumables,288.18
PROD30468,Party,Consumables,83.29
PROD25753,Phased regional installation,Consumables,231.64
PROD59174,SlateBlue Investment,Consumables,207.6
PROD75419,DarkViolet Outside,Software,101.82
PROD07070,Realigned reciprocal protocol,Subscription,136.1
PROD53198,Water,Software,198.48
PROD70837,Orchid Really,Subscription,483.86
PROD01597,Distributed bifurcated hardware,Consumables,161.21
PROD68812,Thousand,Subscription,215.87
PROD02667,Khaki Far,Consumables,61.86
PROD42902,DarkOrange Seven,Hardware,416.54
PROD35028,Beat,Service,22.9
PROD53722,Proactive leadingedge Internet solution,Consumables,344.35
PROD00769,Networked 24hour attitude,Hardware,284.27
PROD97966,Phased next generation focus group,Consumables,396.91
PROD50599,Too,Consumables,323.84
PROD09284,Aqua Treat,Service,219.05
PROD04416,It,Service,485.47
PROD84507,MediumPurple Hold,Consumables,489.54
PROD19064,PowderBlue Least,Subscription,345.24
PROD71900,Individual,Consumables,189.1
PROD80354,Wrong,Consumables,346.27
PROD39461,Persevering real-time open architecture,Subscription,299.0
PROD89135,Provide,Software,50.55
PROD88226,Necessary,Service,491.82
PROD94703,Function-based tertiary analyzer,Software,426.66
PROD41677,Open-architected zero-defect database,Subscription,107.27
PROD27050,Everybody,Subscription,163.54
PROD46763,Coach,Consumables,113.25
PROD73391,Today,Hardware,240.57
PROD52413,Try,Software,409.75
PROD67126,Him,Consumables,371.99
PROD37783,Open-source user-facing focus group,Hardware,91.23
PROD48307,GhostWhite Born,Subscription,169.59
PROD70871,Robust modular implementation,Consumables,30.42
PROD13334,Day,Service,292.5
PROD04763,Navy Still,Software,476.36
PROD35358,Attorney,Software,214.85
PROD96993,Throughout,Subscription,41.12
PROD11979,Attack,Hardware,419.42
PROD88949,Monitored client-server analyzer,Consumables,427.08
PROD56242,Automated local implementation,Consumables,493.92
PROD50089,Future-proofed client-driven archive,Software,131.6
PROD55701,Activity,Software,330.81
PROD98384,MediumTurquoise Little,Software,188.25
PROD74722,Will,Subscription,87.68
PROD91109,DarkMagenta That,Subscription,110.7
PROD78671,OrangeRed Always,Service,346.74
PROD15458,Adaptive object-oriented success,Service,31.74
PROD57253,Water,Consumables,476.07
PROD17601,SpringGreen Hard,Service,262.99
PROD06434,Third,Software,377.6
PROD41033,OldLace Mrs,Software,380.24
PROD30560,More,Consumables,166.36
PROD56686,Thistle Street,Consumables,445.9
PROD97508,Switchable foreground moderator,Consumables,58.74
PROD79242,Ameliorated national solution,Consumables,260.56
PROD69627,Inverse client-server support,Service,112.62
PROD11147,Blue Life,Service,252.23
PROD82597,Oil,Hardware,360.4
PROD65828,LightCyan Nice,Consumables,127.94
PROD95493,Maroon Thought,Software,395.68
PROD11708,Violet Test,Service,241.54
PROD10981,Growth,Subscription,482.62
PROD64321,Perform,Hardware,62.38
PROD41701,Attack,Service,435.64
PROD85585,DarkSeaGreen Type,Hardware,407.84
PROD40231,Reactive client-driven groupware,Service,92.06
PROD08152,Kind,Hardware,19.12
PROD46132,GhostWhite Site,Software,93.25
PROD50240,Religious,Consumables,426.78
PROD80508,Grass-roots asynchronous ability,Service,200.2
PROD07804,Center,Software,448.3
PROD07365,SlateBlue Production,Software,13.53
PROD68322,East,Service,64.9
PROD74303,AntiqueWhite Ground,Hardware,143.33
PROD40868,Expanded modular methodology,Software,59.24
PROD60328,DeepSkyBlue Notice,Software,419.1
PROD20362,Chocolate Idea,Service,319.57
PROD42523,SeaGreen Least,Subscription,490.35
PROD42658,Number,Hardware,354.26
PROD72364,Choose,Subscription,55.34
PROD42130,Operation,Subscription,120.32
PROD79385,Orange Pick,Subscription,365.89
PROD37605,LightGreen Because,Hardware,458.28
PROD11091,ForestGreen Will,Consumables,278.3
PROD07814,Right-sized next generation orchestration,Subscription,25.85
PROD19518,Inverse optimizing Graphic Interface,Subscription,241.85
PROD82031,East,Consumables,340.08
PROD62164,Exclusive local standardization,Consumables,273.59
PROD86711,To,Consumables,135.97
PROD90027,Focused modular standardization,Service,121.47
PROD32277,OrangeRed Center,Service,431.64
PROD19993,Size,Subscription,433.18
PROD53990,Crimson Suddenly,Hardware,312.43
PROD97349,Future-proofed fault-tolerant open architecture,Subscription,456.52
PROD14124,Serve,Consumables,28.63
PROD05136,In,Service,139.42
PROD64110,Phased contextually-based implementation,Hardware,65.05
PROD70113,War,Hardware,333.76
PROD17411,Central,Subscription,454.67
PROD20360,Amount,Service,488.96
PROD63555,Reactive zero-defect ability,Software,102.08
PROD28769,Quite,Consumables,382.81
PROD15694,Woman,Hardware,76.94
PROD79224,Innovative optimal matrices,Service,194.25
PROD53185,Self-enabling context-sensitive Internet solution,Hardware,38.4
PROD69929,Aquamarine Young,Software,294.37
PROD38851,Team-oriented client-driven model,Software,68.7
PROD56712,LemonChiffon Read,Subscription,430.58
PROD61296,PeachPuff Evidence,Service,275.34
PROD35598,BlueViolet Drive,Consumables,397.91
PROD03526,Position,Subscription,426.6
PROD19487,WhiteSmoke House,Hardware,120.24
PROD29214,Fully-configurable mobile monitoring,Service,237.32
PROD56856,MediumBlue Store,Hardware,18.52
PROD88503,Re-contextualized exuding toolset,Subscription,153.69
PROD37049,Wall,Software,445.92
PROD57453,Cultural,Subscription,388.14
PROD73465,Synergistic web-enabled process improvement,Consumables,316.22
PROD37272,Object-based modular initiative,Service,474.41
PROD71865,Consumer,Service,169.97
PROD76992,LightSlateGray Daughter,Software,124.45
PROD04581,LightPink Never,Service,392.28
PROD36064,Adaptive directional matrices,Hardware,407.07
PROD54061,Million,Software,219.6
PROD47220,Ball,Consumables,485.29
PROD91036,DarkSlateGray Onto,Service,68.47
PROD71119,Object-based upward-trending application,Software,197.06
PROD02447,None,Subscription,369.16
PROD18339,Visionary high-level groupware,Software,231.51
PROD00355,Team-oriented needs-based encoding,Service,207.19
PROD60568,User-friendly contextually-based productivity,Software,119.56
PROD02647,No,Service,208.25
PROD05069,Hit,Consumables,259.05
PROD09124,Magenta Consider,Consumables,100.45
PROD74423,Khaki Yourself,Service,234.18
PROD80565,Likely,Software,231.2
PROD75270,Enterprise-wide bi-directional encryption,Software,13.31
PROD08572,Woman,Service,330.72
PROD24571,Snow Lawyer,Consumables,487.2
PROD82276,FloralWhite Another,Service,89.07
PROD87103,Continue,Software,332.99
PROD35290,Public-key reciprocal portal,Service,248.47
PROD02507,Yellow Experience,Hardware,232.99
PROD14501,AliceBlue Car,Consumables,346.0
PROD50620,Pre-emptive solution-oriented time-frame,Software,273.14
PROD56466,Beige Plan,Consumables,171.18
PROD27051,Study,Consumables,395.7
PROD04352,Realigned regional Graphical User Interface,Software,299.13
PROD29146,MidnightBlue Republican,Hardware,213.02
PROD37677,Reality,Service,496.77
PROD40624,Interview,Hardware,145.71
PROD85924,Always,Consumables,28.2
PROD24245,Cross-group composite extranet,Service,101.05
PROD59409,Strategy,Service,400.9
PROD90476,DarkSlateGray Partner,Hardware,346.43
PROD74554,Reverse-engineered local workforce,Service,152.97
PROD52284,DarkOrange Up,Software,129.4
PROD48379,DarkSlateBlue Despite,Software,143.46
PROD34783,Task,Subscription,347.12
PROD95456,Black Can,Software,456.88
PROD43891,Turquoise Mean,Service,444.48
PROD01203,Progressive analyzing emulation,Hardware,253.3
PROD19813,LightGray List,Hardware,282.14
PROD97794,Distributed bi-directional throughput,Software,112.08
PROD50858,Season,Service,158.97
PROD26485,Project,Service,261.13
PROD38048,SeaShell Building,Service,414.51
PROD90475,Violet Audience,Hardware,397.44
PROD26067,BlanchedAlmond School,Subscription,152.56
PROD90933,Assimilated tangible leverage,Consumables,242.64
PROD36596,Thistle Deal,Hardware,252.75
PROD73833,Tv,Subscription,266.45
PROD15004,Configurable cohesive migration,Service,415.74
PROD88861,Reduce,Service,225.85
PROD06263,Re-engineered homogeneous encoding,Hardware,354.17
PROD52268,Up-sized 3rdgeneration moratorium,Service,434.74
PROD33727,Secured 24hour database,Subscription,282.73
PROD71018,Chocolate Partner,Subscription,87.13
PROD65447,OliveDrab Lead,Hardware,355.06
PROD57501,Moccasin Interview,Service,19.63
PROD99521,MediumSlateBlue Great,Consumables,201.27
PROD88681,CadetBlue Power,Software,447.98
PROD86629,Although,Hardware,346.39
PROD72838,DarkGray Walk,Hardware,309.31
PROD94338,DodgerBlue Might,Software,247.71
PROD06938,Game,Hardware,226.61
PROD63900,Adaptive client-server core,Service,247.98
PROD99686,SlateBlue Explain,Software,108.85
PROD71832,Speech,Service,298.78
PROD37511,Sienna None,Subscription,159.81
PROD69566,Multi-channeled full-range task-force,Consumables,109.66
PROD18459,Key,Service,340.79
PROD47586,Orange Different,Hardware,201.52
PROD54450,Robust 24/7 collaboration,Software,69.88
PROD30766,Teal Far,Subscription,147.91
PROD22443,Multi-layered solution-oriented utilization,Software,178.36
PROD44034,LightPink Though,Service,89.92
PROD20306,Pink Each,Subscription,70.71
PROD30415,Better,Service,121.91
PROD55660,Teal Yard,Consumables,326.9
PROD44840,Radio,Consumables,292.1
PROD28693,Up-sized 3rdgeneration utilization,Service,420.39
PROD63632,Centralized full-range service-desk,Hardware,391.08
PROD51447,SaddleBrown Particular,Service,211.47
PROD97737,Raise,Software,128.48
PROD17166,Managed mission-critical Graphical User Interface,Consumables,158.55
PROD23824,Analysis,Software,391.09
PROD32922,DarkSeaGreen News,Subscription,328.42
PROD11419,LightCyan Black,Hardware,25.39
PROD78689,She,Hardware,270.99
PROD75838,Robust static utilization,Subscription,22.68
PROD34409,MediumAquaMarine Opportunity,Software,93.01
PROD17380,Automated transitional frame,Hardware,447.25
PROD96366,Sport,Consumables,236.46
PROD48614,Aqua Movie,Consumables,477.88
PROD71223,Green North,Software,162.25
PROD05233,Multi-layered impactful throughput,Software,51.15
PROD88970,Multi-layered explicit service-desk,Hardware,147.86
PROD25068,Devolved analyzing capacity,Software,444.99
PROD63129,Vision-oriented well-modulated implementation,Subscription,353.56
PROD27160,LightCoral Oil,Service,147.42
PROD41260,MintCream Ok,Consumables,472.29
PROD67568,PapayaWhip Hand,Subscription,112.98
PROD93821,Plum Without,Service,360.39
PROD19647,Travel,Consumables,253.29
PROD07792,Ivory Anything,Subscription,232.76
PROD82774,Switchable transitional protocol,Consumables,313.03
PROD83388,Mr,Hardware,338.24
PROD76327,Letter,Service,74.26
PROD66616,MediumSpringGreen Contain,Consumables,180.9
PROD46120,Pattern,Subscription,164.64
PROD32772,Policy,Subscription,278.05
PROD20519,Home,Subscription,62.66
PROD90440,Customer-focused multi-tasking matrix,Consumables,345.42
PROD00767,Himself,Consumables,473.34
PROD13033,Fuchsia Add,Subscription,190.17
PROD97315,LightYellow Under,Service,253.93
PROD77468,Onto,Consumables,301.21
PROD52053,Gainsboro Must,Subscription,257.25
PROD75518,Article,Consumables,342.64
PROD31856,LightCyan Can,Hardware,107.3
PROD55865,Purple Thing,Service,266.09
PROD76787,Persistent needs-based function,Software,435.86
PROD66348,Might,Consumables,229.28
PROD85343,LightPink Day,Hardware,280.56
PROD60399,Develop,Consumables,133.52
PROD98920,Public-key optimizing initiative,Consumables,414.68
PROD29111,Beige Then,Subscription,399.27
PROD04650,Gold Whether,Hardware,329.83
PROD11774,Economy,Hardware,309.11
PROD76698,Always,Service,489.61
PROD44494,Ivory Bill,Software,117.74
PROD44170,History,Software,62.13
PROD00708,May,Subscription,97.45
PROD15084,None,Service,405.6
PROD87295,Speak,Software,403.4
PROD56042,Synchronized bi-directional success,Subscription,197.17
PROD94003,Open-source even-keeled artificial intelligence,Software,232.57
PROD44560,Impact,Hardware,276.26
PROD01652,Pink Worry,Consumables,406.88
PROD77647,Compatible bifurcated open system,Service,143.0
PROD75374,Perform,Software,444.34
PROD34767,Cross-group tangible installation,Consumables,386.42
PROD98056,LawnGreen Hair,Software,296.15
PROD79558,Programmable uniform knowledge user,Hardware,89.5
PROD52818,Natural,Consumables,139.23
PROD17801,Devolved well-modulated service-desk,Subscription,181.26
PROD42768,MediumBlue Work,Service,53.79
PROD21048,BlueViolet Question,Software,109.14
PROD83149,Extended content-based complexity,Software,478.76
PROD85977,Monitored real-time matrices,Hardware,281.16
PROD56780,Office,Consumables,388.17
PROD03809,Fuchsia Sure,Service,416.18
PROD91047,MediumSeaGreen Recognize,Consumables,61.79
PROD50964,Seamless actuating concept,Software,451.15
PROD91394,DarkSeaGreen Where,Hardware,231.28
PROD07955,Assimilated client-server firmware,Subscription,144.31
PROD14288,Polarized object-oriented monitoring,Subscription,279.14
PROD14933,Reverse-engineered coherent moderator,Consumables,463.44
PROD55678,View,Consumables,343.45
PROD33907,OrangeRed Onto,Service,328.9
PROD70278,Total 24/7 array,Hardware,359.12
PROD67839,Raise,Service,314.28
PROD76226,Compatible scalable benchmark,Software,456.33
PROD35006,GhostWhite Language,Subscription,308.23
PROD66285,Ameliorated foreground archive,Software,54.9
PROD99869,Go,Consumables,222.86
PROD75364,Blood,Software,334.2
PROD09530,DeepPink Team,Software,115.58
PROD25435,DarkKhaki War,Consumables,498.16
PROD46992,Organic methodical installation,Subscription,81.04
PROD04305,Red Case,Hardware,152.21
PROD62362,Expanded composite strategy,Subscription,268.85
PROD50765,Vision-oriented national strategy,Software,61.08
PROD55535,Themselves,Service,195.04
PROD42193,My,Consumables,74.01
PROD93422,Chance,Subscription,315.21
PROD29478,Hot,Consumables,158.64
PROD47915,Often,Hardware,243.57
PROD42615,Versatile tertiary Graphical User Interface,Service,137.67
PROD06363,Implemented clear-thinking standardization,Subscription,137.31
PROD79445,SaddleBrown Marriage,Software,156.08
PROD52144,Work,Consumables,106.29
PROD21979,Polarized full-range portal,Consumables,72.13
PROD53013,Thousand,Service,161.52
PROD48312,Lose,Consumables,325.92
PROD60064,Especially,Hardware,288.4
PROD68569,Automated directional approach,Subscription,264.69
PROD58004,Short,Service,76.38
PROD96935,Right-sized asynchronous benchmark,Consumables,105.37
PROD05624,Function-based demand-driven strategy,Consumables,16.86
PROD01797,Silver Until,Software,369.48
PROD50486,Enterprise-wide clear-thinking methodology,Subscription,169.64
PROD06243,Robust didactic Graphic Interface,Consumables,323.58
PROD41015,Customizable explicit emulation,Software,166.92
PROD90005,Experience,Hardware,337.87
PROD87502,Republican,Software,172.77
PROD41987,DarkOliveGreen Population,Software,88.52
PROD07140,RoyalBlue Second,Service,40.64
PROD51185,Profit-focused hybrid conglomeration,Service,472.93
PROD13086,Lime Certain,Hardware,496.15
PROD48617,Linen Hear,Consumables,334.95
PROD38152,DarkBlue Environmental,Software,386.77
PROD31825,LightGreen Ready,Service,411.82
PROD62360,Allow,Software,387.91
PROD93854,Whom,Software,447.19
PROD26680,Inverse object-oriented Graphical User Interface,Consumables,50.01
PROD03942,LightCoral Age,Consumables,321.76
PROD42560,MediumOrchid Expert,Consumables,430.56
PROD24561,Rate,Consumables,101.68
PROD75662,Ameliorated global data-warehouse,Hardware,461.85
PROD85616,LightYellow Not,Consumables,146.99
PROD37228,CornflowerBlue Color,Service,435.69
PROD19537,Baby,Service,490.22
PROD69856,Multi-layered maximized knowledge user,Hardware,233.85
PROD09227,LightGoldenRodYellow Become,Service,497.22
PROD31913,Turquoise Professional,Service,382.1
PROD57545,Eight,Subscription,10.7
PROD65128,Customer-focused bi-directional approach,Subscription,354.82
PROD69240,Similar,Subscription,486.82
PROD16369,Synchronized directional open architecture,Service,350.26
PROD09844,Represent,Consumables,420.44
PROD42399,Aqua Head,Subscription,270.4
PROD46690,Moccasin Level,Service,37.83
PROD26370,Office,Software,411.79
PROD01138,Organic bi-directional database,Service,439.06
PROD29897,Science,Service,466.07
PROD39331,LemonChiffon Like,Subscription,212.67
PROD98374,Face-to-face non-volatile knowledge user,Consumables,141.01
PROD41485,Approach,Hardware,119.84
PROD03263,Either,Service,126.95
PROD63569,Switchable contextually-based analyzer,Hardware,151.04
PROD21633,DarkOrchid Policy,Software,198.96
PROD44968,LimeGreen Fly,Service,61.18
PROD61683,DarkOliveGreen Someone,Consumables,180.65
PROD21511,PeachPuff Water,Hardware,84.36
PROD66887,Structure,Hardware,264.7
PROD73649,Result,Subscription,195.72
PROD59856,Extended mission-critical time-frame,Subscription,58.69
PROD24749,Six,Subscription,484.95
PROD73952,LightCyan Do,Service,214.78
PROD60968,Triple-buffered incremental implementation,Subscription,160.49
PROD50206,Teal Trip,Hardware,165.85
PROD94507,Versatile responsive moratorium,Hardware,104.92
PROD14364,Minute,Consumables,78.57
PROD73337,Self-enabling radical knowledgebase,Subscription,217.49
PROD38015,Stage,Consumables,27.02
PROD28156,Centralized asynchronous budgetary management,Subscription,294.95
PROD17793,MistyRose Congress,Software,94.49
PROD86072,Managed next generation parallelism,Hardware,419.98
PROD97984,Today,Subscription,173.14
PROD55417,Left,Service,110.71
PROD29050,Polarized modular parallelism,Service,11.41
PROD38226,Money,Service,98.91
PROD92730,Self-enabling scalable encoding,Consumables,322.78
PROD86483,Single,Hardware,186.39
PROD26798,Develop,Software,242.68
PROD69327,Pink Approach,Subscription,162.88
PROD10817,Clear,Service,173.56
PROD11037,Total background leverage,Software,403.36
PROD04012,Management,Subscription,12.09
PROD69136,Agree,Consumables,141.3
PROD47479,DeepPink Beat,Subscription,120.48
PROD33235,IndianRed Anyone,Consumables,387.37
PROD22545,Fully-configurable directional process improvement,Hardware,294.13
PROD03372,Work,Hardware,454.65
PROD49943,Aqua Tax,Hardware,340.16
PROD34904,Versatile tangible benchmark,Service,17.6
PROD63757,DarkGreen Father,Hardware,483.54
PROD63984,Green Space,Software,358.76
PROD11120,Extended impactful leverage,Hardware,127.15
PROD58884,Last,Software,372.1
PROD32577,Rest,Software,424.11
PROD89131,Involve,Consumables,115.99
PROD48910,Forget,Subscription,321.65
PROD21712,Them,Software,82.85
PROD70014,Snow Open,Software,93.94
PROD22054,Point,Software,359.93
PROD37691,Quality-focused bottom-line capability,Software,498.74
PROD58627,Business-focused clear-thinking function,Consumables,150.08
PROD78545,Profound non-volatile Internet solution,Hardware,115.61
PROD90160,Dark,Software,202.13
PROD31997,Open-architected didactic application,Software,217.31
PROD44974,SeaGreen Sometimes,Subscription,81.33
PROD86578,State,Software,276.51
PROD61504,DarkMagenta Traditional,Software,88.39
PROD99817,South,Subscription,106.46
PROD11393,Multi-tiered web-enabled approach,Consumables,344.0
PROD82988,DarkSlateGray Cold,Subscription,56.99
PROD21315,Community,Subscription,133.3
PROD36585,PaleGreen Turn,Subscription,356.05
PROD04196,Realize,Service,324.93
PROD23138,SkyBlue Impact,Software,443.57
PROD25593,Gray About,Consumables,49.05
PROD02062,LightGoldenRodYellow Team,Consumables,246.29
PROD35939,Expect,Software,120.25
PROD04580,Integrated local benchmark,Subscription,305.47
PROD52627,User-friendly human-resource orchestration,Consumables,92.41
PROD05793,Multi-lateral scalable interface,Service,30.26
PROD56188,Tan Most,Software,10.33
PROD31686,Cyan General,Hardware,139.45
PROD77073,LightYellow Artist,Subscription,211.14
PROD91648,MidnightBlue Rather,Consumables,22.82
PROD89753,Identify,Service,131.69
PROD81277,MediumSpringGreen From,Service,86.38
PROD38714,Believe,Software,154.52
PROD20687,Certainly,Subscription,244.44
PROD18270,Already,Service,174.22
PROD56097,Garden,Hardware,366.04
PROD71918,Reverse-engineered logistical knowledgebase,Service,145.06
PROD25046,Networked logistical superstructure,Software,152.33
PROD56809,LightGray Strategy,Consumables,24.66
PROD00001,Reverse-engineered holistic interface,Hardware,266.62
PROD36211,Brown Individual,Consumables,246.36
PROD60200,RoyalBlue Watch,Software,40.25
PROD66789,Chair,Subscription,499.6
PROD52740,User-friendly regional throughput,Hardware,51.94
PROD00862,Difficult,Subscription,402.35
PROD72354,Networked dynamic open architecture,Service,29.06
PROD04931,Law,Software,139.79
PROD30451,Orchid Hope,Service,74.48
PROD46075,Father,Subscription,61.31
PROD10717,Store,Subscription,135.47
PROD62018,Public-key clear-thinking service-desk,Subscription,15.1
PROD98132,LawnGreen Recognize,Software,27.66
PROD40143,So,Subscription,277.41
PROD37195,Persistent heuristic challenge,Hardware,362.41
PROD74539,Role,Hardware,209.68
PROD69565,Rather,Consumables,418.24
PROD99720,YellowGreen Maybe,Consumables,309.47
PROD18847,ForestGreen Store,Software,76.5
PROD54873,DeepPink Reach,Subscription,433.15
PROD68217,Name,Service,82.84
PROD21294,DarkTurquoise Radio,Service,428.57
PROD85800,Order,Software,287.11
PROD64817,Grass-roots encompassing moratorium,Consumables,240.67
PROD56450,Attention,Software,260.23
PROD20623,SkyBlue Office,Software,350.36
PROD17941,CadetBlue Far,Software,98.34
PROD73831,Bill,Software,228.65
PROD59763,Secured object-oriented firmware,Consumables,38.39
PROD94579,Bag,Hardware,281.79
PROD66716,Sharable national circuit,Service,201.63
PROD24748,Member,Consumables,117.09
PROD59034,Secured disintermediate knowledge user,Subscription,219.82
PROD35008,Develop,Hardware,342.6
PROD50610,AliceBlue Purpose,Consumables,299.36
PROD83934,Triple-buffered static parallelism,Hardware,162.7
PROD57782,Reverse-engineered directional intranet,Hardware,42.26
PROD36575,Style,Hardware,225.71
PROD57579,Crimson Husband,Software,439.91
PROD45628,Indeed,Subscription,230.46
PROD59014,Future-proofed needs-based frame,Hardware,173.09
PROD99728,Customizable scalable benchmark,Software,324.43
PROD71839,Main,Consumables,447.64
PROD37250,Cover,Hardware,473.95
PROD24543,Cross-group didactic solution,Subscription,241.27
PROD87303,Universal modular circuit,Service,334.08
PROD25101,Great,Hardware,234.51
PROD77258,Free,Software,11.5
PROD80129,Enhanced transitional challenge,Consumables,14.72
PROD04458,Customizable bandwidth-monitored matrix,Service,65.75
PROD35433,MediumVioletRed Them,Software,33.51
PROD72683,As,Software,222.74
PROD11484,Compatible client-driven frame,Subscription,61.28
PROD26807,Opportunity,Software,375.38
PROD53733,What,Consumables,452.39
PROD53542,DarkKhaki Food,Software,292.3
PROD86421,Aquamarine Serve,Consumables,482.06
PROD02240,MediumAquaMarine North,Subscription,158.83
PROD27264,Goal,Hardware,195.09
PROD68542,FloralWhite Around,Subscription,239.24
PROD47176,Machine,Hardware,358.14
PROD02565,Upgradable client-server process improvement,Software,86.96
PROD27637,Dark,Service,64.57
PROD47894,His,Service,19.67
PROD85651,Decentralized coherent superstructure,Subscription,73.42
PROD83155,Public-key system-worthy workforce,Hardware,132.77
PROD63236,Lavender Draw,Software,279.76
PROD59739,Seamless empowering methodology,Hardware,305.31
PROD59259,Peace,Service,306.46
PROD79158,Seek,Software,178.83
PROD00871,Memory,Consumables,400.01
PROD65900,Silver Resource,Software,384.92
PROD92980,Khaki Room,Consumables,268.63
PROD97375,My,Consumables,391.58
PROD53493,Realigned real-time process improvement,Subscription,21.58
PROD28013,PaleGreen Quickly,Hardware,39.19
PROD44430,Digitized client-driven model,Subscription,103.15
PROD49683,Guess,Service,329.63
PROD82901,Optimized analyzing architecture,Hardware,241.16
PROD97042,Violet Compare,Service,164.83
PROD76577,Pressure,Subscription,480.76
PROD64505,DarkCyan Federal,Subscription,230.3
PROD74032,Programmable object-oriented monitoring,Service,24.45
PROD67538,Suffer,Consumables,40.09
PROD14528,Future-proofed 3rdgeneration groupware,Service,464.34
PROD84285,Balanced needs-based productivity,Subscription,244.49
PROD21297,Reactive even-keeled ability,Software,178.83
PROD46016,Such,Subscription,214.89
PROD76435,DarkSalmon Night,Subscription,194.45
PROD34738,Shake,Subscription,124.84
PROD59792,Programmable non-volatile moderator,Subscription,187.01
PROD33291,Recently,Subscription,429.46
PROD43843,GreenYellow Play,Software,439.4
PROD69790,NavajoWhite Left,Service,366.99
PROD36680,Right,Subscription,260.61
PROD91848,Right-sized grid-enabled protocol,Consumables,386.96
PROD26620,Wheat Accept,Service,313.74
PROD82328,Automated 5thgeneration encoding,Consumables,39.74
PROD87850,ForestGreen Lead,Consumables,217.91
PROD37675,DarkCyan Argue,Service,32.91
PROD48891,Dog,Service,160.6
PROD13517,LimeGreen System,Service,51.69
PROD18172,Upgradable executive system engine,Software,423.92
PROD77126,Idea,Consumables,453.84
PROD61487,Networked executive alliance,Service,93.11
PROD65764,Quality-focused human-resource definition,Hardware,94.42
PROD51496,Instead,Service,136.24
PROD68549,Innovative zero tolerance leverage,Service,60.23
PROD02636,Automated responsive methodology,Subscription,233.49
PROD61315,History,Software,394.72
PROD20723,Concern,Service,497.86
PROD88008,Pink Charge,Software,496.02
PROD95834,SeaShell Early,Service,484.29
PROD84446,Because,Hardware,415.09
PROD27383,DarkMagenta Hospital,Service,106.26
PROD81302,Expanded high-level concept,Software,129.97
PROD80132,Enterprise-wide client-server alliance,Consumables,231.07
PROD05635,Proactive user-facing function,Software,240.9
PROD08046,Bar,Software,191.15
PROD10293,De-engineered multimedia flexibility,Software,200.29
PROD78658,Billion,Service,224.1
PROD26893,Fundamental hybrid success,Consumables,449.9
PROD80497,Total responsive time-frame,Software,431.12
PROD56370,South,Consumables,435.1
PROD26870,Weight,Subscription,140.51
PROD96734,LavenderBlush Occur,Software,246.82
PROD05248,Couple,Hardware,77.82
PROD21555,LightSeaGreen Participant,Hardware,441.36
PROD18796,Team-oriented asynchronous policy,Subscription,314.62
PROD44490,DarkOrange Wonder,Consumables,488.76
PROD02390,Robust bifurcated orchestration,Subscription,344.25
PROD85072,Vision-oriented local framework,Software,113.5
PROD49411,Professional,Subscription,68.66
PROD23666,IndianRed Only,Service,50.18
PROD59589,MistyRose History,Hardware,401.67
PROD60306,Multi-channeled incremental project,Consumables,477.59
PROD19893,DimGray Admit,Service,109.95
PROD05080,LimeGreen Why,Hardware,16.66
PROD39694,MediumSpringGreen Partner,Software,198.65
PROD63812,MediumSpringGreen Company,Software,251.52
PROD08493,Synergistic object-oriented contingency,Hardware,108.72
PROD31797,Business-focused zero tolerance productivity,Consumables,341.81
PROD58669,Claim,Subscription,433.44
PROD94228,Implemented discrete conglomeration,Hardware,168.12
PROD65270,Polarized next generation alliance,Service,447.21
PROD76709,DarkMagenta Why,Software,110.38
PROD56265,Gold Cover,Service,204.26
PROD46663,Majority,Subscription,491.32
PROD68380,MediumOrchid Across,Consumables,497.8
PROD25076,SlateBlue House,Software,297.62
PROD39564,Next,Consumables,308.28
PROD04247,Computer,Consumables,35.35
PROD74633,PapayaWhip Evidence,Subscription,40.16
PROD59019,Orchid Page,Hardware,300.34
PROD90001,Bisque Build,Service,423.8
PROD08095,Open-source explicit focus group,Hardware,159.17
PROD77766,Cyan Speech,Hardware,463.37
PROD85613,Week,Service,352.86
PROD18421,Well,Consumables,334.95
PROD50901,Happen,Software,69.37
PROD51810,Phased multimedia implementation,Software,262.4
PROD17043,Claim,Service,466.4
PROD81379,OrangeRed Position,Hardware,156.3
PROD98001,Apply,Hardware,117.43
PROD14833,Down-sized discrete info-mediaries,Software,328.76
PROD15691,HotPink Although,Subscription,160.64
PROD22815,HoneyDew Statement,Consumables,248.47
PROD63168,OrangeRed Smile,Hardware,391.56
PROD36079,Reactive real-time knowledge user,Hardware,89.29
PROD42194,View,Consumables,22.88
PROD44910,Optimized fault-tolerant orchestration,Subscription,295.67
PROD79577,Interest,Subscription,192.83
PROD03393,Aquamarine Dinner,Software,217.85
PROD61015,Us,Consumables,139.6
PROD46156,Fill,Consumables,446.65
PROD09937,FireBrick Example,Subscription,327.45
PROD13347,Fine,Subscription,62.28
PROD98130,Eight,Subscription,443.02
PROD82010,Extended asynchronous workforce,Subscription,158.16
PROD12446,OliveDrab Son,Subscription,23.62
PROD39114,Configurable zero-defect function,Software,21.53
PROD47539,Team-oriented bifurcated access,Consumables,310.16
PROD96364,Networked empowering encoding,Software,48.15
PROD38676,Expanded bi-directional forecast,Service,231.33
PROD71559,Public-key client-server productivity,Hardware,65.46
PROD62367,MediumSeaGreen Book,Hardware,100.17
PROD01888,House,Software,368.79
PROD16972,SkyBlue Form,Software,455.79
PROD70324,Create,Service,221.38
PROD76633,Team-oriented encompassing support,Hardware,295.29
PROD41985,Up,Hardware,397.99
PROD35420,It,Subscription,252.41
PROD69504,Specific,Software,113.01
PROD73759,ForestGreen Although,Consumables,194.4
PROD84845,Exclusive discrete strategy,Consumables,433.51
PROD63660,Networked context-sensitive emulation,Subscription,269.02
PROD20787,Yellow Chair,Subscription,135.19
PROD32623,Yes,Consumables,150.43
PROD77715,Hair,Consumables,209.49
PROD14428,Intuitive client-server success,Service,151.23
PROD45274,Site,Software,348.89
PROD66689,Who,Service,165.65
PROD32872,LightBlue Man,Service,182.43
PROD56047,There,Service,243.33
PROD68639,Home,Hardware,495.6
PROD41914,Horizontal foreground knowledge user,Hardware,298.0
PROD65536,Decentralized grid-enabled database,Subscription,35.61
PROD36638,Automated multi-tasking time-frame,Consumables,239.88
PROD33949,LightCyan Accept,Service,142.13
PROD35111,Public,Hardware,144.85
PROD49443,Wait,Hardware,359.89
PROD75464,Office,Subscription,225.17
PROD05997,Total real-time frame,Consumables,200.96
PROD11307,Before,Consumables,204.51
PROD36673,Gray Seem,Subscription,264.72
PROD61352,Best,Hardware,453.68
PROD87605,Assimilated secondary database,Hardware,207.92
PROD29421,Seamless dedicated moderator,Service,68.71
PROD36478,Secured high-level implementation,Consumables,23.46
PROD42962,Prepare,Service,97.95
PROD89270,Progressive non-volatile secured line,Software,234.13
PROD14698,PaleVioletRed Which,Service,287.54
PROD42530,Enhanced demand-driven attitude,Service,492.39
PROD65997,MediumPurple Effort,Hardware,38.1
PROD02619,Experience,Consumables,473.04
PROD29124,Finally,Consumables,142.18
PROD83212,MediumAquaMarine Peace,Consumables,308.64
PROD20897,Object-based local orchestration,Subscription,61.37
PROD33426,Gold Send,Software,239.73
PROD18603,IndianRed Store,Subscription,381.36
PROD43098,MediumSeaGreen Perhaps,Subscription,381.34
PROD20772,Versatile high-level leverage,Hardware,237.81
PROD16483,Plant,Software,167.48
PROD24173,Networked bi-directional concept,Service,388.09
PROD05830,DarkOliveGreen Write,Service,300.65
PROD33286,Function-based system-worthy policy,Hardware,306.55
PROD04316,Shoulder,Software,343.97
PROD75421,Also,Consumables,74.06
PROD13504,Self-enabling disintermediate installation,Service,483.66
PROD04616,Automated incremental info-mediaries,Consumables,421.92
PROD98405,Account,Subscription,125.1
PROD02815,Organized encompassing hierarchy,Hardware,426.64
PROD36135,User-friendly motivating project,Hardware,325.78
PROD50542,Society,Software,34.24
PROD43666,Do,Hardware,147.65
PROD65228,Open-architected actuating ability,Hardware,79.59
PROD24418,So,Software,293.6
PROD69768,Balanced human-resource budgetary management,Service,137.41
PROD87127,Family,Consumables,470.55
PROD85136,Hit,Consumables,401.12
PROD09861,MediumSeaGreen And,Hardware,214.06
PROD60780,Silver Protect,Hardware,285.04
PROD26274,Up-sized uniform application,Subscription,391.08
PROD81323,Outside,Service,400.66
PROD18133,Gas,Hardware,166.84
PROD38185,Fundamental responsive database,Hardware,134.27
PROD06377,Continue,Consumables,216.82
PROD37253,Tend,Consumables,120.12
PROD48073,Integrated directional infrastructure,Software,168.62
PROD64794,Orange President,Hardware,55.82
PROD28641,Khaki All,Hardware,68.15
PROD59330,Organized multimedia pricing structure,Service,469.26
PROD56597,Up-sized fault-tolerant groupware,Service,234.48
PROD63695,FireBrick Agency,Service,195.76
PROD54713,Fundamental 5thgeneration flexibility,Consumables,290.33
PROD73124,Stand,Software,371.6
PROD82168,Work,Hardware,220.61
PROD44291,Author,Software,58.39
PROD61687,Synergized interactive alliance,Consumables,103.98
PROD07859,Compatible next generation superstructure,Hardware,227.44
PROD41653,Player,Subscription,367.08
PROD07240,Organic upward-trending neural-net,Subscription,111.56
PROD02679,Lime Money,Software,154.43
PROD04066,How,Service,447.97
PROD28726,SteelBlue Station,Subscription,185.68
PROD82969,Key,Hardware,168.59
PROD44516,Could,Consumables,205.05
PROD19573,Sienna Recently,Software,347.0
PROD99315,DarkGoldenRod May,Hardware,477.53
PROD76507,Compatible zero tolerance intranet,Consumables,471.3
PROD61324,Read,Consumables,108.15
PROD91242,Exclusive multi-state budgetary management,Hardware,50.05
PROD40226,Synergistic zero-defect application,Software,378.65
PROD30420,LightSkyBlue Seven,Subscription,378.92
PROD98145,SkyBlue Product,Hardware,158.26
PROD63715,Networked coherent paradigm,Hardware,493.12
PROD25116,Career,Service,325.98
PROD58479,Digitized interactive knowledgebase,Service,348.22
PROD90718,Tomato Cell,Software,188.17
PROD84372,Land,Subscription,222.88
PROD75790,RosyBrown Soon,Software,437.79
PROD84248,DarkGreen Leave,Subscription,38.13
PROD01976,Configurable transitional capacity,Hardware,106.34
PROD23355,Seven,Software,66.78
PROD16458,Operative 24/7 moratorium,Subscription,109.31
PROD56358,Customizable grid-enabled utilization,Service,442.2
PROD45538,Sienna Heavy,Subscription,82.53
PROD76244,Multi-channeled responsive complexity,Consumables,208.57
PROD40894,Authority,Subscription,482.95
PROD53969,Possible,Consumables,218.25
PROD53712,Face-to-face high-level hub,Hardware,125.38
PROD67753,Tomato Set,Service,145.59
PROD57722,Enhanced impactful middleware,Hardware,449.58
PROD29338,East,Service,294.1
PROD81959,Future-proofed next generation implementation,Subscription,138.23
PROD07164,GreenYellow Choose,Hardware,237.97
PROD22438,Prevent,Service,34.5
PROD76484,Space,Hardware,336.88
PROD53679,Which,Subscription,314.51
PROD01729,Balanced mobile core,Hardware,60.25
PROD27001,Cover,Consumables,78.19
PROD13720,Everything,Subscription,296.72
PROD07049,Visionary 5thgeneration collaboration,Consumables,96.48
PROD03314,Person,Hardware,350.17
PROD29447,Implemented systemic capacity,Consumables,194.6
PROD21318,Mission,Consumables,390.65
PROD53740,City,Subscription,111.52
PROD57522,The,Hardware,216.9
PROD47282,OldLace Heavy,Subscription,30.1
PROD65829,Synergistic heuristic workforce,Software,344.6
PROD27697,Energy,Service,478.99
PROD17196,Red Heavy,Service,88.21
PROD68659,Own,Service,268.76
PROD46566,Test,Hardware,276.57
PROD18958,Salmon Generation,Hardware,343.16
PROD71874,Programmable next generation service-desk,Subscription,127.49
PROD42006,Candidate,Service,180.85
PROD65297,Exist,Hardware,160.02
PROD62791,Financial,Subscription,44.46
PROD62006,Khaki Several,Subscription,103.71
PROD71866,Once,Hardware,292.4
PROD08429,Reduce,Subscription,227.88
PROD89268,Cyan Place,Service,156.97
PROD36725,PapayaWhip Walk,Subscription,179.09
PROD70099,MediumOrchid Wait,Subscription,475.89
PROD63384,Almost,Subscription,11.92
PROD01768,Mandatory holistic parallelism,Software,16.82
PROD61743,PowderBlue Company,Subscription,36.78
PROD77695,DarkOrchid Group,Software,46.48
PROD16106,Hotel,Hardware,259.02
PROD01751,Horizontal well-modulated Internet solution,Service,410.6
PROD33912,The,Service,325.36
PROD74962,FloralWhite Minute,Software,21.32
PROD11345,DarkRed Whom,Software,95.4
PROD44023,Silver Imagine,Subscription,446.37
PROD56999,Decentralized full-range support,Consumables,88.21
PROD95780,AliceBlue Visit,Subscription,287.74
PROD02324,Expert,Consumables,380.09
PROD99199,Turquoise Purpose,Service,183.41
PROD99458,Balanced bottom-line access,Service,341.72
PROD73589,Show,Consumables,204.19
PROD75980,Automated heuristic interface,Hardware,297.09
PROD31935,Will,Software,162.1
PROD43660,MediumSeaGreen Skill,Subscription,277.27
PROD64093,Chocolate Push,Software,355.02
PROD50247,Up-sized real-time approach,Software,10.03
PROD06111,Technology,Software,284.93
PROD56263,Remember,Service,450.03
PROD29085,Visionary dedicated collaboration,Service,299.15
PROD63069,Expanded 4thgeneration leverage,Consumables,191.15
PROD57526,Draw,Subscription,172.43
PROD56667,User-friendly scalable contingency,Software,299.29
PROD99663,Will,Service,279.56
PROD63106,Never,Service,278.62
PROD67471,Profit-focused optimizing groupware,Service,447.91
PROD24057,Name,Hardware,164.11
PROD29376,Recently,Service,313.04
PROD89083,Organic eco-centric installation,Consumables,189.84
PROD29937,Reduce,Subscription,53.62
PROD16988,Current,Service,277.22
PROD35851,Optimized zero administration product,Subscription,27.07
PROD33865,Proactive heuristic benchmark,Service,191.14
PROD79988,Green After,Hardware,497.7
PROD96065,Actually,Subscription,113.51
PROD81575,Balanced disintermediate project,Subscription,425.44
PROD97539,Re-engineered uniform architecture,Hardware,236.88
PROD65884,DarkOrange Where,Subscription,64.11
PROD36854,Live,Software,426.95
PROD41073,Dark,Hardware,332.43
PROD97297,Face-to-face uniform application,Subscription,295.93
PROD94768,Gold Garden,Service,179.58
PROD24557,PapayaWhip Stop,Software,349.43
PROD77858,Recognize,Hardware,284.97
PROD66861,Realize,Service,124.49
PROD68920,Occur,Hardware,91.55
PROD64687,Speech,Service,249.94
PROD74257,BlueViolet Church,Consumables,326.48
PROD71910,GoldenRod Travel,Software,469.73
PROD83567,Diverse well-modulated attitude,Service,64.99
PROD58542,Organized logistical extranet,Hardware,243.15
PROD89636,Theory,Software,17.28
PROD51200,Kind,Software,274.2
PROD87242,Total web-enabled methodology,Hardware,27.11
PROD87417,CornflowerBlue Fight,Software,54.53
PROD29525,Debate,Subscription,32.97
PROD86944,Polarized bi-directional productivity,Service,499.65
PROD10900,Pull,Software,31.34
PROD98247,Enhanced high-level analyzer,Subscription,222.03
PROD62151,Teal Yard,Subscription,130.17
PROD08129,Enhanced neutral paradigm,Consumables,275.47
PROD35808,Realigned reciprocal success,Consumables,259.28
PROD92295,SandyBrown Music,Software,300.96
PROD34180,Devolved intangible secured line,Subscription,132.85
PROD96432,Extended composite utilization,Subscription,297.53
PROD83833,CadetBlue Responsibility,Service,402.47
PROD30233,DarkGray Keep,Consumables,444.82
PROD57230,MediumSlateBlue Development,Hardware,309.08
PROD29451,Smile,Hardware,470.18
PROD24693,DarkMagenta Avoid,Software,117.21
PROD44979,Brown Wear,Subscription,69.77
PROD21213,Write,Consumables,361.12
PROD62021,Statement,Service,487.58
PROD90204,Show,Hardware,413.32
PROD90415,HoneyDew Mrs,Consumables,282.95
PROD99291,Score,Consumables,270.18
PROD16365,Explain,Software,484.98
PROD10687,Vision-oriented well-modulated productivity,Hardware,440.72
PROD53575,LimeGreen Evidence,Consumables,337.33
PROD10961,Four,Consumables,253.49
PROD21641,GreenYellow Benefit,Subscription,459.94
PROD38126,DarkMagenta Position,Consumables,58.41
PROD46288,Thistle Fire,Software,472.29
PROD22167,Eye,Consumables,434.29
PROD66941,Great,Subscription,118.56
PROD60574,Special,Service,159.83
PROD58791,Strategy,Software,50.94
PROD36559,Change,Subscription,34.43
PROD85581,Again,Subscription,498.23
PROD63945,HoneyDew Time,Subscription,409.18
PROD19207,Upgradable foreground structure,Consumables,251.57
PROD34399,DarkGreen Sit,Subscription,33.68
PROD29743,Way,Software,336.03
PROD23340,Believe,Service,19.48
PROD87382,Front-line 4thgeneration structure,Software,496.93
PROD58467,PowderBlue Close,Subscription,349.65
PROD83038,Pressure,Consumables,62.51
PROD85118,Natural,Hardware,171.8
PROD05508,Plum Sort,Software,52.35
PROD32007,Azure Company,Software,154.46
PROD61953,Configurable real-time data-warehouse,Subscription,174.97
PROD42062,Decentralized coherent Local Area Network,Hardware,450.7
PROD23378,Compatible analyzing paradigm,Software,87.69
PROD49248,PaleTurquoise Free,Software,424.06
PROD46346,Wheat Opportunity,Subscription,15.82
PROD93117,Cause,Subscription,349.12
PROD54912,Centralized fault-tolerant analyzer,Service,270.88
PROD24696,De-engineered grid-enabled superstructure,Software,29.6
PROD27549,Hospital,Hardware,63.18
PROD13385,Diverse executive success,Hardware,100.71
PROD07762,Federal,Hardware,134.98
PROD36284,Near,Service,354.84
PROD80825,Beige Network,Subscription,190.92
PROD96943,DarkGreen Young,Subscription,285.3
PROD74574,Author,Subscription,181.23
PROD96607,Decentralized impactful throughput,Consumables,114.37
PROD14429,Thistle Explain,Hardware,268.72
PROD88488,Seamless systemic service-desk,Subscription,463.94
PROD27155,Extended bandwidth-monitored leverage,Consumables,482.07
PROD69531,IndianRed Action,Software,452.47
PROD84075,DarkGray Beyond,Subscription,85.61
PROD14187,SteelBlue Page,Subscription,400.43
PROD86107,Adaptive static groupware,Hardware,181.92
PROD38073,Player,Hardware,345.16
PROD03471,Fundamental systemic portal,Consumables,87.28
PROD86004,Networked bottom-line monitoring,Hardware,269.99
PROD37277,DarkGreen Team,Consumables,266.91
PROD20001,Best,Service,377.71
PROD04544,Recently,Service,280.43
PROD72269,HoneyDew Discussion,Service,399.38
PROD31390,Spend,Consumables,485.04
PROD98405,Quality-focused explicit firmware,Consumables,36.97
PROD23673,Pm,Service,276.65
PROD05324,Might,Hardware,254.82
PROD19711,Coral Modern,Software,203.93
PROD89007,Travel,Hardware,462.12
PROD78975,Synergized intangible frame,Hardware,365.88
PROD03469,Agent,Hardware,29.44
PROD23087,Business-focused bifurcated throughput,Software,122.39
PROD57352,Perform,Consumables,456.93
PROD95341,Out,Service,450.14
PROD07823,CornflowerBlue Ground,Subscription,201.33
PROD01279,Management,Software,423.8
PROD98253,Horizontal directional hardware,Consumables,474.29
PROD83911,Face-to-face homogeneous extranet,Software,328.92
PROD42326,LightSkyBlue So,Consumables,166.97
PROD49891,Hot,Hardware,18.15
PROD66601,LavenderBlush Figure,Service,213.51
PROD87438,Reality,Service,260.04
PROD54109,Organized object-oriented attitude,Software,309.95
PROD05334,Diverse value-added implementation,Service,95.57
PROD01764,Beige In,Consumables,162.82
PROD59627,Industry,Subscription,492.15
PROD85899,HoneyDew Ask,Subscription,256.04
PROD79349,Even,Service,347.05
PROD11155,SpringGreen Woman,Consumables,422.74
PROD94297,Persevering secondary attitude,Service,386.08
PROD92761,Balanced incremental matrix,Subscription,386.55
PROD96320,Beige Age,Hardware,24.73
PROD11333,DarkBlue Yard,Software,154.0
PROD55929,Advanced reciprocal middleware,Subscription,396.84
PROD72351,Quality,Consumables,389.35
PROD57434,Open-architected global pricing structure,Software,158.6
PROD69986,Actually,Software,65.39
PROD84370,Focused human-resource groupware,Service,339.28
PROD90309,Total regional orchestration,Consumables,376.86
PROD13102,Triple-buffered static toolset,Hardware,88.62
PROD15893,LightGreen Student,Service,390.13
PROD26833,Innovative global complexity,Consumables,411.93
PROD77180,BurlyWood Voice,Consumables,469.89
PROD80682,Offer,Service,27.39
PROD41033,Balanced stable open system,Service,81.56
PROD65853,Toward,Service,467.78
PROD84260,Look,Hardware,48.79
PROD42588,Profound reciprocal middleware,Subscription,496.33
PROD18948,Ground,Hardware,300.04
PROD76878,Quality-focused stable implementation,Consumables,470.84
PROD78780,Triple-buffered motivating focus group,Software,157.23
PROD67898,Expanded mobile contingency,Service,270.83
PROD25543,Cornsilk White,Service,474.84
PROD81384,Orchid Answer,Consumables,282.37
PROD51736,Matter,Subscription,366.76
PROD10166,Base,Service,63.66
PROD43227,OliveDrab Win,Subscription,25.36
PROD46399,Right-sized 6thgeneration application,Software,301.33
PROD23298,Need,Software,375.57
PROD67958,Number,Subscription,434.51
PROD42847,Fill,Subscription,96.1
PROD13740,Bring,Hardware,499.91
PROD03463,Notice,Subscription,211.52
PROD86104,Synchronized fresh-thinking methodology,Consumables,162.62
PROD45092,Yellow Color,Software,443.17
PROD36559,Streamlined secondary knowledgebase,Subscription,393.89
PROD57931,Proactive local contingency,Service,114.33
PROD71784,Wonder,Consumables,10.1
PROD69457,Ameliorated directional pricing structure,Software,283.59
PROD64333,Grass-roots human-resource monitoring,Hardware,397.19
PROD64990,Persistent system-worthy budgetary management,Consumables,194.0
PROD19173,Turquoise History,Subscription,203.93
PROD52025,Executive,Hardware,58.68
PROD03653,Win,Software,93.37
PROD00760,Sell,Service,377.6
PROD22313,In,Hardware,80.86
PROD43060,Optimized composite functionalities,Software,369.99
PROD75462,Mandatory local monitoring,Subscription,343.99
PROD38042,Innovative logistical groupware,Service,409.29
PROD74262,Business-focused multimedia projection,Subscription,412.7
PROD85027,Intuitive static Local Area Network,Software,118.63
PROD71374,SteelBlue Weight,Service,408.68
PROD84088,Rest,Service,233.68
PROD40363,Khaki Paper,Software,468.88
PROD49463,DarkBlue Able,Service,112.5
PROD72217,Laugh,Subscription,98.51
PROD07255,Turquoise Type,Subscription,423.46
PROD57000,FireBrick Imagine,Hardware,346.34
PROD94328,Goal,Consumables,300.28
PROD61005,Than,Hardware,283.93
PROD95814,Voice,Consumables,57.69
PROD94340,MediumSlateBlue Where,Consumables,25.67
PROD44871,Because,Hardware,160.04
PROD36611,Expanded explicit workforce,Subscription,437.43
PROD70922,SaddleBrown Final,Service,386.2
PROD95137,Tomato Author,Service,249.57
PROD87369,Implemented systemic migration,Hardware,333.03
PROD05148,Indigo Scientist,Hardware,389.25
PROD35447,Decentralized explicit customer loyalty,Software,272.05
PROD45891,Address,Subscription,124.79
PROD02473,MediumSeaGreen Society,Consumables,213.75
PROD44626,Customer-focused coherent toolset,Consumables,357.34
PROD15892,Gray Across,Hardware,333.17
PROD78959,Synergistic web-enabled functionalities,Hardware,146.95
PROD83200,Streamlined 4thgeneration parallelism,Service,384.43
PROD35634,LightSalmon Born,Software,460.68
PROD57280,Innovative foreground knowledgebase,Subscription,52.52
PROD76569,Coral Heavy,Hardware,131.96
PROD03486,Pink Admit,Consumables,488.96
PROD94341,Yellow Cut,Service,388.93
PROD86882,Enterprise-wide eco-centric Internet solution,Service,225.89
PROD43088,DeepSkyBlue Sit,Software,283.75
PROD59775,MistyRose Government,Hardware,36.94
PROD29262,FloralWhite Whom,Software,380.1
PROD46946,Security,Hardware,409.61
PROD26439,PapayaWhip Move,Consumables,186.22
PROD94749,DarkSeaGreen Tonight,Consumables,238.83
PROD53867,MediumSeaGreen Image,Subscription,368.91
PROD45025,Reverse-engineered tertiary pricing structure,Consumables,459.52
PROD84669,OrangeRed Play,Software,357.15
PROD76530,White Pull,Software,481.74
PROD97693,Ergonomic global challenge,Consumables,275.58
PROD53029,Synchronized mission-critical time-frame,Software,39.63
PROD98920,Lay,Service,29.28
PROD93082,Program,Subscription,421.19
PROD64076,Olive Onto,Hardware,214.61
PROD95796,Full,Consumables,380.03
PROD43354,Universal high-level capability,Software,205.23
PROD65431,HotPink Get,Software,470.62
PROD36402,Alone,Hardware,493.7
PROD31651,Assimilated intermediate leverage,Consumables,283.65
PROD87390,Force,Subscription,25.62
PROD50078,Front-line high-level protocol,Service,60.96
PROD04287,SkyBlue Right,Hardware,131.64
PROD28108,Ameliorated secondary implementation,Consumables,70.72
PROD54810,Distributed real-time approach,Service,394.0
PROD69872,Free,Consumables,481.29
PROD10118,Yellow Born,Hardware,385.81
PROD78979,MediumSpringGreen Billion,Consumables,467.25
PROD40166,LemonChiffon Feeling,Consumables,467.56
PROD30969,Digitized attitude-oriented pricing structure,Service,55.11
PROD34249,Down-sized 3rdgeneration instruction set,Consumables,463.75
PROD94517,Executive,Subscription,226.43
PROD64084,Treat,Consumables,42.26
PROD51687,Multi-lateral zero-defect complexity,Service,196.05
PROD08960,Open,Consumables,326.87
PROD87731,LimeGreen Myself,Subscription,495.31
PROD90925,SeaGreen Audience,Hardware,322.19
PROD47283,OrangeRed Near,Consumables,160.68
PROD07557,Multi-lateral neutral implementation,Consumables,304.52
PROD42760,LightSalmon Star,Software,294.84
PROD38446,Discuss,Subscription,240.51
PROD97438,Team-oriented 6thgeneration projection,Service,247.21
PROD82529,User-friendly needs-based architecture,Consumables,110.51
PROD11193,Intuitive multi-state budgetary management,Software,47.25
PROD43277,Smile,Subscription,290.28
PROD37622,OliveDrab Agreement,Service,83.84
PROD41644,Agreement,Software,490.22
PROD89090,Message,Consumables,134.98
PROD77641,Diverse user-facing superstructure,Software,331.07
PROD58666,MediumSeaGreen Race,Consumables,119.68
PROD72114,Vision-oriented static task-force,Software,281.42
PROD57571,PaleTurquoise Travel,Service,70.15
PROD28459,Synchronized bottom-line encoding,Software,180.81
PROD20868,Chartreuse Nature,Service,311.69
PROD54731,BlueViolet Call,Service,266.16
PROD92946,Treatment,Software,465.29
PROD58635,Cross-group holistic frame,Software,85.44
PROD46100,De-engineered heuristic migration,Service,225.78
PROD85447,CadetBlue Course,Hardware,304.86
PROD50635,Fundamental encompassing success,Consumables,454.62
PROD95523,LightYellow Name,Hardware,248.09
PROD61230,But,Subscription,128.39
PROD96431,BurlyWood Week,Consumables,144.13
PROD15432,DarkGoldenRod Year,Service,157.56
PROD23424,Lawyer,Subscription,303.71
PROD41363,Speech,Consumables,237.89
PROD97857,Persevering directional knowledge user,Hardware,267.09
PROD06554,MintCream Likely,Consumables,467.09
PROD16279,LightSeaGreen Purpose,Subscription,18.04
PROD02054,Environment,Consumables,178.92
PROD42893,Fundamental explicit synergy,Consumables,422.03
PROD51049,Bisque Middle,Service,321.64
PROD11639,Purple Set,Subscription,340.73
PROD92010,Virtual stable interface,Hardware,389.83
PROD84489,Public-key well-modulated access,Service,384.35
PROD62503,Customizable explicit functionalities,Consumables,185.59
PROD35095,Player,Hardware,85.92
PROD48048,Cyan Fine,Subscription,345.2
PROD38358,Cornsilk Buy,Software,86.82
PROD82341,Information,Subscription,72.31
PROD75620,YellowGreen Particular,Consumables,402.83
PROD56945,Remain,Software,469.5
PROD53550,Floor,Service,181.12
PROD57048,Business-focused analyzing adapter,Hardware,452.69
PROD85408,DarkGoldenRod Give,Service,65.41
PROD89656,LightSkyBlue Challenge,Subscription,81.18
PROD35885,Coral Focus,Service,445.51
PROD15906,Ivory Thank,Subscription,150.58
PROD15030,People,Consumables,374.58
PROD06075,Bisque Cost,Consumables,499.42
PROD42909,Upgradable multimedia alliance,Consumables,481.05
PROD85949,Fully-configurable client-driven matrices,Software,44.0
PROD96963,DarkMagenta Tonight,Consumables,234.11
PROD43328,SandyBrown Middle,Subscription,33.18
PROD30636,They,Hardware,186.75
PROD18772,Implemented real-time website,Service,35.79
PROD68409,Open-source neutral contingency,Subscription,24.26
PROD68866,Adaptive incremental portal,Consumables,171.62
PROD82859,YellowGreen Miss,Consumables,57.15
PROD32488,From,Subscription,355.42
PROD80777,Exclusive systematic functionalities,Hardware,405.93
PROD50492,Like,Subscription,455.55
PROD16200,DarkSeaGreen Since,Software,294.63
PROD44624,Blue Sometimes,Hardware,466.58
PROD79709,Salmon Image,Subscription,129.25
PROD31497,Tell,Software,161.26
PROD87146,Total client-server parallelism,Service,214.25
PROD99370,OrangeRed Attention,Consumables,479.63
PROD00356,MediumSlateBlue Operation,Consumables,379.29
PROD14389,Function-based static migration,Consumables,142.08
PROD97941,DarkOrange About,Service,34.17
PROD49729,High,Consumables,401.56
PROD98168,Such,Subscription,478.03
PROD40552,Compatible multi-tasking hierarchy,Hardware,55.67
PROD84389,Synergized zero administration moderator,Consumables,219.82
PROD38337,DarkMagenta Impact,Software,345.64
PROD48436,Extended optimal challenge,Hardware,312.96
PROD12271,LightCoral Travel,Service,60.12
PROD13953,Teal Argue,Service,62.78
PROD03154,Gainsboro Because,Hardware,174.22
PROD67260,Financial,Software,47.84
PROD31140,Robust empowering strategy,Service,258.31
PROD13951,Team,Software,376.59
PROD78743,MediumPurple Woman,Service,352.48
PROD58356,PowderBlue Understand,Subscription,494.69
PROD61676,ForestGreen Study,Hardware,252.83
PROD53281,Realigned methodical structure,Service,84.23
PROD14445,Player,Consumables,198.58
PROD87230,Rate,Subscription,302.69
PROD30862,Front-line full-range matrix,Consumables,461.73
PROD92509,Identify,Hardware,338.71
PROD86361,Intuitive background strategy,Software,169.46
PROD49808,Adaptive value-added challenge,Subscription,310.38
PROD46399,Expanded value-added system engine,Software,441.73
PROD14927,Agree,Hardware,108.79
PROD65001,Assimilated grid-enabled methodology,Hardware,246.14
PROD62333,Customizable empowering open system,Subscription,295.39
PROD37583,Theory,Service,478.29
PROD13785,SeaGreen Laugh,Consumables,136.05
PROD50831,Organic hybrid alliance,Software,359.62
PROD60509,Visionary 3rdgeneration Internet solution,Service,364.5
PROD23263,Assume,Hardware,138.24
PROD66584,Treatment,Software,35.85
PROD48298,Self-enabling discrete open architecture,Software,99.84
PROD72480,However,Service,81.61
PROD83043,Streamlined fault-tolerant matrices,Software,423.24
PROD48922,Realigned analyzing matrices,Consumables,432.0
PROD41331,CornflowerBlue Yet,Consumables,179.89
PROD52468,Orange Resource,Consumables,22.5
PROD64487,Bed,Software,136.6
PROD18276,Well,Service,353.59
PROD33067,SlateBlue Still,Subscription,186.75
PROD81045,Cornsilk Doctor,Software,291.84
PROD15286,DarkGray Board,Consumables,101.94
PROD35395,Meet,Service,169.76
PROD24124,User-centric dynamic groupware,Subscription,205.09
PROD15758,Tan Somebody,Service,173.23
PROD21447,Industry,Hardware,112.99
PROD01027,GhostWhite Table,Service,483.16
PROD32771,Future-proofed motivating core,Consumables,150.75
PROD27273,Open-architected static archive,Consumables,151.38
PROD56689,GhostWhite World,Subscription,349.64
PROD18261,Progressive demand-driven knowledgebase,Subscription,347.73
PROD10019,Enterprise-wide uniform collaboration,Hardware,215.79
PROD94555,MediumTurquoise Beat,Software,370.08
PROD92137,Intuitive zero-defect capability,Hardware,446.82
PROD56088,Question,Hardware,97.96
PROD72331,Adaptive intangible matrix,Software,302.19
PROD11322,Health,Service,468.38
PROD86491,Digitized fresh-thinking solution,Software,139.4
PROD91621,Cornsilk Authority,Consumables,202.45
PROD84508,Brother,Subscription,342.71
PROD71151,Sport,Service,356.07
PROD13260,Health,Consumables,361.46
PROD70884,DarkSlateBlue Language,Software,232.95
PROD25331,Snow Believe,Service,367.49
PROD61388,Virtual executive monitoring,Hardware,220.46
PROD95066,Function-based optimal framework,Hardware,259.33
PROD53454,LavenderBlush Arm,Consumables,495.69
PROD55699,BlueViolet Factor,Consumables,70.43
PROD29943,Group,Hardware,124.9
PROD56023,Serve,Subscription,252.28
PROD53294,Diverse well-modulated concept,Software,110.14
PROD80586,Multi-layered 24/7 contingency,Consumables,481.77
PROD48588,Public-key analyzing collaboration,Hardware,114.14
PROD39064,Smile,Consumables,159.3
PROD24797,White President,Software,397.32
